key,ID,enemy,life0,life1,life2,life3,popular,lost,pCheck,time,name0,name1,name2,name3,func1,func2,func3,func4
type,i,s,i,i,i,i,i,i,i,i,s,s,s,s,s,s,s,s
-0,0,reimu,3000,3500,4500,5000,10000,1000,-1,5000,,,,,CPU_Set_A,CPU_Set_A,CPU_Set_A,CPU_Set_A
-0,1,reimu,5000,6000,7000,8000,10000,1000,-1,5000,「信仰心増大祈願の儀」,「信仰心増大祈願の儀」,「信仰心増大祈願の儀」,「信仰心増大祈願の儀」,CPU_Set_BossD,CPU_Set_BossD,CPU_Set_BossD,CPU_Set_BossD
-0,2,reimu,3000,3500,4500,5000,10000,1000,6000,5000,,,,,CPU_Set_BossCommon,CPU_Set_BossCommon,CPU_Set_BossCommon,CPU_Set_BossCommon
-0,3,reimu,5000,6000,7000,8000,10000,1000,-1,5000,「二大宗教九字護身法」,「二大宗教九字護身法」,「二大宗教九字護身法」,「二大宗教九字護身法」,CPU_Set_BossE,CPU_Set_BossE,CPU_Set_BossE,CPU_Set_BossE
-0,4,reimu,3000,3500,4500,5000,10000,1000,2000,5000,,,,,CPU_Set_BossCommon,CPU_Set_BossCommon,CPU_Set_BossCommon,CPU_Set_BossCommon
-0,5,reimu,5000,6000,7000,8000,10000,2000,-1,5000,「面霊気大調伏」,「面霊気大調伏」,「面霊気大調伏」,「面霊気大調伏」,CPU_Set_BossF,CPU_Set_BossF,CPU_Set_BossF,CPU_Set_BossF
-0,6,reimu,3000,3500,4500,5000,10000,1000,2000,5000,,,,,CPU_Set_BossCommon,CPU_Set_BossCommon,CPU_Set_BossCommon,CPU_Set_BossCommon
-0,7,reimu,5000,6000,7000,8000,10000,2000,-1,-1,「最後のトリニティリリージョン」,「最後のトリニティリリージョン」,「最後のトリニティリリージョン」,「最後のトリニティリリージョン」,CPU_Set_BossG,CPU_Set_BossG,CPU_Set_BossG,CPU_Set_BossG
