15.5th Touhou Project,0,,0
東方憑依華　～ Antinomy of Common Flowers.,0,,0
,,,
,,,
シナリオ・監修,1,,1
ZUN,0,,1
,,,1
,,,1
統括・スクリプト,1,,1
海原海豚,0,,1
,,,
,0,,
プログラム,1,,2
ののたろう,0,,2
,,,2
,0,,2
システム,1,,2
spsp,0,,2
,,,
,0,,
イラスト,1,,3
春河もえ,0,,3
,,,
,0,,
キャラクターグラフィック,1,,4
鰯,0,,4
HALT,0,,4
ミゲルふとし,0,,4
タコヤキネコ,0,,5
とんのり丸/@tonnyoriclayer,0,,5
老谷津,0,,5
シロス,0,,5
茶鳥,0,,6
スペクター,0,,6
てと,0,,6
おのけい,0,,6
,,,
,0,,
エフェクト,1,,7
海原海豚,0,,7
とんのり丸/@tonnyoriclayer,0,,7
,,,7
,0,,7
エフェクトツール,1,,7
なる（えーでるわいす）,0,,7
,,,
,0,,
背景,1,,8
鰯,0,,8
干支神一夜,0,,8
葛,0,,8
,,,
,0,,
システムグラフィック,1,,8
海原海豚,0,,8
,0,,
,,,
音楽,1,,9
あきやまうに,0,,9
ZUN,0,,9
にいむ(Guitar),0,,10
JUN(Violin),0,,10
荒井英理也(Cello),0,,10
,,,
,,,
マスタリング,1,,11
oiko(SOUNDOT),0,,11
,0,,11
,,,11
効果音,1,,11
NKZ,0,,11
,0,,
,,,
音楽アレンジ,1,,12
,,,
輝く針の小人族　～ Little Princess,2,16,
ぴずや(ぴずやの独房/Pizuya's Cell),0,,
Guitar:テラ(少女理論観測所),0,16,
Bass：pizuya,0,16,
,,,
華狭間のバトルフィールド,2,16,
Kou Ogata(k-waves LAB),0,,
Wistles & Concertina & Flat Mandolin　　,0,16,
& Irish Bouzouki:Kou Ogata,0,16,
,,,
ラストオカルティズム　～ 現し世の秘術師,2,16,
ARM(IOSYS),0,,
,,,
永遠の春夢,2,16,
狐夢想(狐夢想屋),0,,
,,,
有頂天変　～ Wonderful Heaven,2,16,
紅い流星(東京アクティブNEETs),0,,
Piano:紅い流星,0,16,
Bass:蒼い刹那,0,16,
Drum:ショボン,0,16,
Sax.:山石本薫,0,16,
Trumpet:ヒロコマン,0,16,
,,,
夜が降りてくる　～ Evening Star,2,16,
ELEMENTAS(A-One),0,,
,,,
二色蓮花蝶 ～ Red and White,2,16,
コンプ(豚乙女),0,,
Guitar & Bass:コンプ,0,16,
Piano:パプリカ,0,16,
,,,
恋色マスタースパーク,2,16,
oiko(SOUNDOT),0,,
,,,
時代親父とハイカラ少女,2,16,
しゃばだば(Sound CYCLONE),0,,
Guitar:しゃばだば,0,16,
Bass:sou,0,16,
Piano:HearTribe,0,16,
,,,
感情の摩天楼　～ Cosmic Mind,2,16,
NYO(Silver Forest),0,,
Guitar:NYO,0,16,
,,,
大神神話伝,2,16,
鯛の小骨(Azure&Sands),0,,
,,,
聖徳伝説　～ True Administrator,2,16,
鷹(CROW'SCLAW),0,,
Guitar & Bass:鷹,0,16,
,,,
芥川龍之介の河童  ～ Candid Friend,2,16,
ゆうゆ(ゆや｡),0,,
,,,
ハルトマンの妖怪少女,2,16,
岸田(岸田教団),0,,
Guitar & Bass:岸田,0,16,
,,,
幻想郷の二ッ岩,2,16,
秀三(石鹸屋),0,,
Guitar & Bass:秀三,0,16,
,,,
亡失のエモーション,2,16,
どぶウサギ(dBu music),0,,
Guitar:わさもん,0,16,
Violin:JUN,0,16,
,,,
月まで届け、不死の煙,2,16,
ziki_7(SOUNDOT),0,,
,,,
狂気の瞳　～ Invisible Full Moon,2,16,
ビートまりお(COOL&CREATE),0,,
,,,
,,,
スペシャルサンクス,1,,
dada,0,,
MOCHI月,0,,
かみじー,0,,
さか,0,,
ziki_7,0,,
水島貴志（にゃっほい屋）,0,,
,,,
,,,
制作・著作,1,,
黄昏フロンティア,0,,
上海アリス幻樂団,0,,
