entry,name,size,params,callees
00401000,FUN_00401000,251,0,""
00401110,FUN_00401110,330,0,"FUN_00401de0 FUN_0043e5a0 FUN_00447280 FUN_00449ae0 FUN_00449b70 FUN_00449ed0 FUN_0044b810"
00401260,FUN_00401260,467,1,"EnterCriticalSection FUN_00447810 FUN_00449f60 LeaveCriticalSection _free _free"
00401440,FUN_00401440,69,0,"FUN_00401000 FUN_00401110 FUN_00401260 _free operator_new"
00401520,FUN_00401520,10,0,"FUN_00401a50"
00401530,FUN_00401530,132,1,""
00401630,FUN_00401630,85,2,"FUN_00401530 __security_check_cookie _vsprintf"
00401690,FUN_00401690,100,1,"FUN_00401530 __security_check_cookie _vsprintf"
00401760,FUN_00401760,738,1,"FUN_004215a0 FUN_00442f50 FUN_00443080"
00401a50,FUN_00401a50,570,0,"FUN_004215a0 FUN_00442f50 FUN_00443080 FUN_00443290"
00401d20,FUN_00401d20,60,0,"FUN_004215a0"
00401de0,FUN_00401de0,273,2,""
00401ff0,FUN_00401ff0,34,1,"_free"
00402050,FUN_00402050,88,1,""
00402160,FUN_00402160,188,1,"`eh_vector_constructor_iterator'"
00402230,FUN_00402230,522,2,"FUN_00403850 FUN_00449ae0 FUN_00449b70 FUN_00449ed0 FUN_0044b8e0"
00402440,FUN_00402440,499,1,"EnterCriticalSection FUN_00447810 FUN_00449f60 LeaveCriticalSection _free _free `eh_vector_destructor_iterator'"
00402640,FUN_00402640,151,2,"FUN_00402160 FUN_00402230 FUN_00402440 _free operator_new"
00402720,FUN_00402720,304,0,"D3DXVec3Normalize FUN_00403990 FUN_00403c80 FUN_0043ee30"
00402850,FUN_00402850,1099,1,"FUN_00403a30 FUN_00405300 FUN_00405410 FUN_00420cd0 FUN_004215a0 FUN_0043c8b0 FUN_00442f50 FUN_004451c0"
00402ca0,FUN_00402ca0,929,1,"FUN_00403a30 FUN_004215a0 FUN_00442f50 FUN_00448980 FUN_0044bf40"
00403090,FUN_00403090,1984,3,"D3DXMatrixTranslation D3DXVec3ProjectArray"
00403850,FUN_00403850,308,1,"FUN_00447280 FUN_0044b360 FUN_0044b810 _malloc"
00403990,FUN_00403990,148,0,"FUN_0043ee30"
00403a30,FUN_00403a30,586,1,"FUN_00403090 FUN_004215a0 FUN_00442f50 FUN_004451c0"
00403c80,FUN_00403c80,1806,1,"FUN_00404610 FUN_004049a0 FUN_00404ed0 FUN_00404f30 FUN_00405040 FUN_00405410 FUN_00463b2c"
00404450,FUN_00404450,203,1,"FUN_00404f30"
00404530,FUN_00404530,119,0,"FUN_0043c8b0"
004045b0,FUN_004045b0,92,0,""
00404610,FUN_00404610,887,0,"FUN_0044c350 FUN_00463b2c"
004049a0,FUN_004049a0,688,1,"FUN_00404d40 FUN_00404da0 FUN_00404e10 FUN_0044c350 FUN_00463b2c"
00404d40,FUN_00404d40,92,1,"FUN_00463b2c"
00404da0,FUN_00404da0,101,1,"FUN_00463b2c"
00404e10,FUN_00404e10,92,1,"FUN_00463b2c"
00404ed0,FUN_00404ed0,72,0,"FUN_00463b2c"
00404f30,FUN_00404f30,202,2,"FUN_00401de0 FUN_0043e710"
00405040,FUN_00405040,94,6,"FUN_00463b2c"
004050d0,FUN_004050d0,50,0,""
00405300,FUN_00405300,60,0,"FUN_00421480"
00405410,FUN_00405410,57,1,""
004054b0,FUN_004054b0,79,3,"FUN_0043e5a0"
00405500,FUN_00405500,81,0,""
004055c0,FUN_004055c0,84,0,"FUN_00449ae0 FUN_00449b70 FUN_00449ed0"
00405620,FUN_00405620,137,1,"EnterCriticalSection FUN_00449f60 LeaveCriticalSection"
004056b0,FUN_004056b0,85,0,"FUN_004055c0 FUN_00405620 _free operator_new"
00405750,FUN_00405750,223,1,"FUN_00404ed0 FUN_00405ac0 FUN_004491c0 FUN_004492f0"
00405860,FUN_00405860,397,1,"FUN_004054b0 FUN_00405500 FUN_0043dd10 FUN_00448db0"
004059f0,FUN_004059f0,202,1,""
00405ac0,FUN_00405ac0,124,0,"FUN_00408100 FUN_0041c800"
00405b60,FUN_00405b60,42,1,""
00405be0,FUN_00405be0,158,0,""
00405d00,FUN_00405d00,215,1,""
00405de0,FUN_00405de0,34,1,"_free"
00405e20,FUN_00405e20,163,0,"FUN_00447280 FUN_00449ae0 FUN_00449b70 FUN_00449ed0 FUN_0044b810"
00405ed0,FUN_00405ed0,45,1,"FUN_004493e0"
00405f70,FUN_00405f70,236,1,"EnterCriticalSection FUN_004493e0 FUN_00449f60 LeaveCriticalSection `eh_vector_destructor_iterator'"
00406060,FUN_00406060,182,0,"FUN_00405e20 FUN_00405f70 _free `eh_vector_constructor_iterator' operator_new"
00406160,FUN_00406160,109,3,""
004061d0,FUN_004061d0,109,3,""
00406240,FUN_00406240,885,3,"FUN_00405be0 FUN_00406160 FUN_00406d90 FUN_004074b0 FUN_00407560 FUN_004076a0 FUN_00407780 FUN_004078e0 FUN_00407a30 FUN_00407be0 FUN_00407da0 FUN_00407e40 FUN_00407ef0 FUN_004266b0 FUN_0043dd10 FUN_0043ee30 FUN_00448db0 FUN_0044bf40"
004065c0,FUN_004065c0,249,2,"FUN_00406240 FUN_00463b2c"
004066e0,FUN_004066e0,134,1,"FUN_004451c0 FUN_0044bc10"
0040678e,FUN_0040678e,10,2,"FUN_004065c0"
004067d0,FUN_004067d0,1404,6,"FUN_00404f30 FUN_00406d90 FUN_00408750 FUN_0043ee30 FUN_0044bb20 FUN_0044bc10"
00406d90,FUN_00406d90,1454,1,"FUN_00404f30 FUN_00405410 FUN_004073e0 FUN_00408030 FUN_00408750 FUN_00426660 FUN_0043dc90 FUN_0043dd10"
004073e0,FUN_004073e0,194,3,"FUN_004067d0 FUN_0043dd10"
004074b0,FUN_004074b0,164,0,"FUN_00408750 FUN_00463b2c"
00407560,FUN_00407560,305,0,"FUN_00463b2c"
004076a0,FUN_004076a0,209,0,"FUN_00408750 FUN_0044bc10 FUN_00463b2c"
00407780,FUN_00407780,338,0,"FUN_00408750 FUN_0043dc90 FUN_00463b2c"
004078e0,FUN_004078e0,335,0,"FUN_00408750 FUN_0043dc90 FUN_00463b2c"
00407a30,FUN_00407a30,431,0,"FUN_00408750 FUN_0043dc90 FUN_0044bc10 FUN_00463b2c"
00407be0,FUN_00407be0,446,0,"FUN_00408750 FUN_0043dc90 FUN_0044bc10"
00407da0,FUN_00407da0,148,0,"FUN_004061d0 FUN_0043dc90 FUN_0044bf40"
00407e40,FUN_00407e40,172,0,"FUN_004061d0 FUN_0043dc90 FUN_0044bf40"
00407ef0,FUN_00407ef0,306,0,"FUN_00408660 FUN_00408750 FUN_0044bc10 FUN_00463b2c"
00408030,FUN_00408030,199,0,"FUN_004086b0 FUN_00448db0"
00408100,FUN_00408100,260,3,"FUN_00408030 FUN_004086b0 FUN_0041bb00"
00408210,FUN_00408210,572,1,"FUN_0041bb00 FUN_00448db0 FUN_004491c0"
00408660,FUN_00408660,80,2,""
004086b0,FUN_004086b0,91,3,""
00408750,FUN_00408750,30,3,""
004088c0,FUN_004088c0,75,2,""
00408910,FUN_00408910,176,1,"`eh_vector_constructor_iterator'"
004089c0,FUN_004089c0,211,0,"FUN_00449ae0 FUN_00449b70 FUN_00449ed0"
00408af0,FUN_00408af0,402,2,"EnterCriticalSection FUN_004492a0 FUN_00449f60 LeaveCriticalSection `eh_vector_destructor_iterator'"
00408c90,FUN_00408c90,136,0,"FUN_00408910 FUN_004089c0 FUN_00408af0 _free operator_new"
00408d60,FUN_00408d60,1045,1,"FUN_0043e5a0 FUN_0043ee30 FUN_00449350 FUN_00449470 FUN_00463b2c"
004091c0,FUN_004091c0,87,0,"FUN_004451c0"
00409230,FUN_00409230,50,1,"FUN_004451c0"
00409270,FUN_00409270,10,0,"FUN_004091c0"
00409280,FUN_00409280,2392,4,"FUN_00404f30 FUN_0043dc90 FUN_0043e710 FUN_00447ae0 FUN_004489d0 FUN_00449350 FUN_00449870 FUN_00449950"
00409c00,FUN_00409c00,399,1,"FUN_00409e50 FUN_004172e0 FUN_0043dc90 FUN_00448d00 FUN_004492a0"
00409d90,FUN_00409d90,46,2,""
00409e20,FUN_00409e20,28,0,""
00409e50,FUN_00409e50,65,1,"FUN_004491c0"
00409f90,FUN_00409f90,118,2,"FUN_004493e0"
0040a940,FUN_0040a940,647,0,"FUN_00401690 FUN_00443080 FUN_00463b2c"
0040ac20,FUN_0040ac20,109,1,""
0040ac90,FUN_0040ac90,37,1,""
0040ace0,FUN_0040ace0,33,1,""
0040ad20,FUN_0040ad20,33,2,""
0040ae70,FUN_0040ae70,134,0,"FUN_00447280 FUN_00449ae0 FUN_00449b70 FUN_00449ed0 FUN_0044b810"
0040af00,FUN_0040af00,137,1,"EnterCriticalSection FUN_00449f60 LeaveCriticalSection"
0040af90,FUN_0040af90,86,0,"FUN_0040ae70 FUN_0040af00 _free operator_new"
0040b110,FUN_0040b110,148,2,"FUN_004489d0 FUN_004491c0 FUN_00449870 FUN_00449950"
0040b250,FUN_0040b250,60,2,"operator_new"
0040b3a0,FUN_0040b3a0,186,0,"FUN_0044c150"
0040b480,FUN_0040b480,106,1,"FUN_0044b360 _free"
0040b560,FUN_0040b560,584,1,"FUN_0040ba90 FUN_00448d50 FUN_00449ae0 FUN_00449b70 FUN_0044b360 FUN_0044b810 operator_new"
0040b7b0,FUN_0040b7b0,362,1,"EnterCriticalSection FUN_0040b3a0 FUN_00447810 FUN_00447f70 FUN_00449f60 LeaveCriticalSection _free _free"
0040b940,FUN_0040b940,99,0,"FUN_0040b560 FUN_0040b7b0 _free operator_new"
0040b9d0,FUN_0040b9d0,18,0,"FUN_0040b7b0 _free"
0040b9f0,FUN_0040b9f0,111,0,"FUN_0040bd20"
0040ba90,FUN_0040ba90,648,2,"FUN_004489d0 FUN_00449870 FUN_00449950"
0040bd20,FUN_0040bd20,93,0,"FUN_0040bd80 FUN_00463b2c"
0040bd80,FUN_0040bd80,1488,1,"FUN_00405410 FUN_0040b480 FUN_0040c480 FUN_0040c4d0 FUN_0040c540 FUN_00417010 FUN_00420a90 FUN_00420b10 FUN_00420c30 FUN_0043c8b0 FUN_0043dc90 FUN_004477d0 FUN_00447a50 FUN_00448d00 FUN_004491c0 FUN_004492a0 FUN_00449450 FUN_00449630 FUN_0044bf40 FUN_0044c1c0 FUN_00463b2c"
0040c3c0,FUN_0040c3c0,126,0,"FUN_00409e50 FUN_00447280"
0040c480,FUN_0040c480,65,1,"FUN_004491c0"
0040c4d0,FUN_0040c4d0,65,1,"FUN_004491c0"
0040c540,FUN_0040c540,75,0,"FUN_00448d50"
0040c6e0,FUN_0040c6e0,45,0,"_free"
0040c730,FUN_0040c730,71,0,""
0040c9a0,FUN_0040c9a0,48,0,"FUN_0040c9d0 FUN_0041bb00"
0040c9d0,FUN_0040c9d0,503,1,"FUN_00413270 FUN_0041bb00 FUN_0044bb90 FUN_0044bc70"
0040cc50,FUN_0040cc50,31,2,"FUN_0040dae0 _free"
0040cc70,FUN_0040cc70,145,2,""
0040cd20,FUN_0040cd20,95,2,"FUN_0044b360 FUN_00450220"
0040cea0,FUN_0040cea0,36,1,"FUN_004492a0"
0040cf40,FUN_0040cf40,23,2,""
0040cf60,FUN_0040cf60,23,1,""
0040cf90,FUN_0040cf90,22,1,""
0040cfb0,FUN_0040cfb0,501,2,"FUN_0040d830 FUN_0040dc80 operator_new"
0040d280,FUN_0040d280,334,1,"FUN_0040cd20 FUN_00449ae0 FUN_00449b70 operator_new"
0040d530,FUN_0040d530,300,1,"EnterCriticalSection FUN_00409f90 FUN_0040d680 FUN_00447810 FUN_00449f60 LeaveCriticalSection _free _free"
0040d680,FUN_0040d680,36,0,"_free"
0040d6b0,FUN_0040d6b0,95,1,"FUN_0040d280 FUN_0040d530 _free operator_new"
0040d750,FUN_0040d750,166,0,"FUN_0040dc80 FUN_00463b2c"
0040d830,FUN_0040d830,673,2,"FUN_0040cc70 FUN_00450470"
0040dae0,FUN_0040dae0,386,1,"_free"
0040dc80,FUN_0040dc80,2412,1,"FUN_00404610 FUN_00409d90 FUN_0040c6e0 FUN_0040c730 FUN_0040e5f0 FUN_004127a0 FUN_00412ac0 FUN_004266b0 FUN_00428630 FUN_0043dd10 FUN_004491c0 FUN_004492f0 FUN_00449350 FUN_004496d0 FUN_0044bc70 FUN_0044bf40 FUN_0044c2a0 FUN_0044c5d0 FUN_0044fd10 FUN_00450470 FUN_00450700 FUN_00463b2c"
0040e5f0,FUN_0040e5f0,162,1,"FUN_0040c9d0 FUN_00412ff0 FUN_0041bb00 FUN_0043dd10 FUN_00448db0"
0040e6a0,FUN_0040e6a0,182,1,"FUN_00448db0 FUN_00463b2c"
0040e770,FUN_0040e770,13759,1,"D3DXVec3Project FUN_00401d20 FUN_004050d0 FUN_00405410 FUN_004073e0 FUN_00408100 FUN_00408210 FUN_00409280 FUN_00409c00 FUN_0040c9a0 FUN_0040cea0 FUN_0040cf40 FUN_0040cf60 FUN_0040cf90 FUN_0040cfb0 FUN_0040e6a0 FUN_00412720 FUN_00412a00 FUN_00412a10 FUN_00412aa0 FUN_00412db0 FUN_00412ed0 FUN_00413170 FUN_00415db0 FUN_00418810 FUN_0041c510 FUN_0041c7d0 FUN_0041c800 FUN_0041c850 FUN_0043c8b0 FUN_0043dd10 FUN_00448d00 FUN_00448e30 FUN_00449450 FUN_00449590 FUN_004495e0 FUN_00449630 FUN_0044bb90 FUN_0044bc70 FUN_0044fdb0 FUN_0044fe40 FUN_0044ff00 FUN_00450070 __security_check_cookie"
00412720,FUN_00412720,48,3,""
004127a0,FUN_004127a0,593,1,""
00412a00,FUN_00412a00,16,1,"FUN_0044fdb0"
00412a10,FUN_00412a10,75,1,""
00412aa0,FUN_00412aa0,26,2,"FUN_0044ff80"
00412ac0,FUN_00412ac0,652,0,"FUN_0044c350 FUN_00463b2c"
00412db0,FUN_00412db0,50,0,""
00412e70,FUN_00412e70,46,2,""
00412ed0,FUN_00412ed0,16,1,""
00412ff0,FUN_00412ff0,93,1,"FUN_0044bf40"
00413170,FUN_00413170,20,2,"FUN_0044bc70"
00413200,FUN_00413200,23,1,""
00413270,FUN_00413270,30,4,""
00413350,FUN_00413350,151,0,"FUN_00449b70 operator_new"
00413450,FUN_00413450,84,0,"EnterCriticalSection FUN_00449f60 LeaveCriticalSection _free"
004134b0,FUN_004134b0,280,0,"FUN_00439540"
004135d0,FUN_004135d0,180,0,"FUN_00401690 FUN_004134b0"
004136c0,FUN_004136c0,97,1,"FUN_004492a0"
00413790,FUN_00413790,74,1,""
00413810,FUN_00413810,367,1,"`eh_vector_constructor_iterator'"
00413980,FUN_00413980,147,0,"FUN_00413a20 FUN_00447280 FUN_00449ae0 FUN_00449b70 FUN_00449ed0 FUN_0044b810"
00413a20,FUN_00413a20,289,1,"FUN_00447280 FUN_0044b360 FUN_0044b810"
00413bc0,FUN_00413bc0,1940,1,"FUN_0043e5a0 FUN_0043e710 FUN_004489d0 FUN_00449870 FUN_00449950"
00414370,FUN_00414370,473,2,"FUN_004136c0 FUN_00447810 FUN_004492a0 FUN_004493e0 _free _free"
00414570,FUN_00414570,121,1,"FUN_004136c0 FUN_00447810 _free _free"
004145f0,FUN_004145f0,568,2,"EnterCriticalSection FUN_00414370 FUN_004492a0 FUN_004493e0 FUN_00449f60 LeaveCriticalSection _free `eh_vector_destructor_iterator'"
00414830,FUN_00414830,136,0,"FUN_00413810 FUN_00413980 FUN_004145f0 _free operator_new"
00414900,FUN_00414900,3787,3,"FUN_00415e90 FUN_0043dc90 FUN_0043e5a0 FUN_0043ee30 FUN_00449870 FUN_00449950 FUN_00463b2c _free"
00415800,FUN_00415800,699,1,"FUN_0043bda0 FUN_004451c0"
00415b00,FUN_00415b00,676,2,"FUN_00408030 FUN_0040e6a0 FUN_004489d0 FUN_004491c0 FUN_00449870 FUN_00449950"
00415db0,FUN_00415db0,124,0,"FUN_00415b00 operator_new"
00415e90,FUN_00415e90,4306,1,"FUN_00404ed0 FUN_00405410 FUN_00409d90 FUN_00409e50 FUN_0040ac90 FUN_0040c480 FUN_0040c4d0 FUN_00417010 FUN_004175e0 FUN_00420b10 FUN_00420c30 FUN_00423370 FUN_0043c8b0 FUN_0043dc90 FUN_00447a50 FUN_00448d00 FUN_004491c0 FUN_004492a0 FUN_004492f0 FUN_00449470 FUN_00449670 FUN_004496a0 FUN_004497d0 FUN_0044bf40"
00417010,FUN_00417010,41,0,""
00417040,FUN_00417040,671,0,"FUN_004188a0 FUN_0043e5a0 FUN_0043ee30 FUN_00448d00 FUN_004492a0"
004172e0,FUN_004172e0,640,3,"FUN_0043e5a0 FUN_004489d0 FUN_00448d00 FUN_004491c0 FUN_004492a0 FUN_00449590 FUN_004495e0 FUN_00449870 FUN_00449950"
004175e0,FUN_004175e0,32,0,""
00417770,FUN_00417770,66,0,"_free"
00417800,FUN_00417800,58,0,""
00417870,FUN_00417870,1009,1,"FUN_00402640 FUN_00405410 FUN_004056b0 FUN_00406060 FUN_00408c90 FUN_00409e20 FUN_0040af90 FUN_0040d6b0 FUN_00413a20 FUN_00414830 FUN_00417800 FUN_00418b80 FUN_00419090 FUN_0041aed0 FUN_0041c290 FUN_00420a90 FUN_00420c00 FUN_00421070 FUN_00421300 FUN_00422360 FUN_00425020 FUN_00429610 FUN_0042a6a0 FUN_0042b660 FUN_00449ae0 FUN_00449b70 FUN_00449ed0 Sleep"
00417c80,FUN_00417c80,1105,1,"EnterCriticalSection FUN_00402440 FUN_00405620 FUN_00405f70 FUN_00408af0 FUN_00409f90 FUN_0040af00 FUN_0040c540 FUN_0040d530 FUN_00414570 FUN_004145f0 FUN_00418a90 FUN_00418ee0 FUN_0041adf0 FUN_0041c1c0 FUN_00422220 FUN_00424ed0 FUN_004294a0 FUN_0042b1e0 FUN_0042b570 FUN_0043e460 FUN_00448d50 FUN_00449f60 LeaveCriticalSection _free"
004180e0,FUN_004180e0,107,0,"FUN_00418c40 FUN_00420ea0 operator_new"
00418150,FUN_00418150,18,0,"FUN_00417c80 _free"
00418190,FUN_00418190,1544,2,"FUN_00402440 FUN_00404450 FUN_00404530 FUN_004045b0 FUN_00404ed0 FUN_00405410 FUN_00405ed0 FUN_00409e50 FUN_00409f90 FUN_0040ac90 FUN_0040cfb0 FUN_00413bc0 FUN_00417040 FUN_00417770 FUN_00418a00 FUN_00420b10 FUN_00424d90 FUN_00426f70 FUN_0042a450 FUN_0043c8b0 FUN_0043e460 FUN_0044c150 _free"
00418810,FUN_00418810,64,0,""
004188a0,FUN_004188a0,141,1,"FUN_00413790 FUN_0043dc90 FUN_00448d00 FUN_004492a0"
00418930,FUN_00418930,166,2,"FUN_00448d00 FUN_004492a0"
00418a00,FUN_00418a00,65,0,"FUN_0044bf40"
00418a90,FUN_00418a90,20,0,""
00418b80,FUN_00418b80,73,2,""
00418c40,FUN_00418c40,125,2,""
00418d00,FUN_00418d00,51,2,""
00418d40,FUN_00418d40,237,2,""
00418e30,FUN_00418e30,131,0,"FUN_00419960 FUN_00449ae0 FUN_00449b70 FUN_00449ed0"
00418ee0,FUN_00418ee0,346,1,"EnterCriticalSection FUN_00419040 FUN_0041a200 FUN_00449f60 LeaveCriticalSection"
00419040,FUN_00419040,79,0,"_free"
00419090,FUN_00419090,67,0,"FUN_00418d40 FUN_00418e30 FUN_00418ee0 _free operator_new"
00419120,FUN_00419120,1309,2,"FUN_0041ab70 FUN_00447a50 FUN_00447ae0 FUN_00447bb0 FUN_00448db0 FUN_004491c0 FUN_00463b2c _free"
00419650,FUN_00419650,571,0,"FUN_00419120 FUN_00463b2c"
004198a0,FUN_004198a0,10,0,"FUN_00419650"
004198c0,FUN_004198c0,98,4,""
00419960,FUN_00419960,1489,3,"FUN_00418d00 FUN_00419040 FUN_004198c0 FUN_00419f40 FUN_0041a050 FUN_0041a0a0 FUN_0041ab10 FUN_0044b360 FUN_00452730 _atof _atol _free _malloc _strncpy _strrchr operator_new"
00419f40,FUN_00419f40,260,3,"FUN_0041a0a0 FUN_00452730"
0041a050,FUN_0041a050,75,0,"FUN_0041a0a0 FUN_00452730"
0041a0a0,FUN_0041a0a0,111,0,""
0041a120,FUN_0041a120,220,2,"_strncpy operator_new"
0041a200,FUN_0041a200,2247,2,"CloseHandle FID_conflict:__time32 FUN_0044b620 FUN_0044b740 FUN_00452abc FUN_00463b2c LeaveCriticalSection WriteFile _free _localtime _malloc _sprintf"
0041ab10,FUN_0041ab10,52,2,""
0041ab70,FUN_0041ab70,136,4,""
0041ad60,FUN_0041ad60,34,1,"_free"
0041ad90,FUN_0041ad90,84,0,"FUN_00449ae0 FUN_00449b70 FUN_00449ed0"
0041adf0,FUN_0041adf0,216,1,"EnterCriticalSection FUN_00449f60 LeaveCriticalSection `eh_vector_destructor_iterator'"
0041aed0,FUN_0041aed0,185,0,"FUN_0041ad90 FUN_0041adf0 _free `eh_vector_constructor_iterator' operator_new"
0041afd0,FUN_0041afd0,2245,1,"FUN_00404f30 FUN_004054b0 FUN_00405b60 FUN_00409d90 FUN_00412ff0 FUN_004188a0 FUN_00418930 FUN_0041ba50 FUN_0041be80 FUN_0041beb0 FUN_00426660 FUN_00426f70 FUN_0042b9c0 FUN_0043dd10 FUN_0043ee30 FUN_00463b2c"
0041ba50,FUN_0041ba50,165,0,"FUN_0041bb00 FUN_00448db0"
0041bb00,FUN_0041bb00,793,5,"FUN_00404f30 FUN_0041beb0 FUN_00448db0"
0041be80,FUN_0041be80,46,2,""
0041beb0,FUN_0041beb0,30,3,""
0041c030,FUN_0041c030,98,2,""
0041c120,FUN_0041c120,146,0,"FUN_00447280 FUN_00449ae0 FUN_00449b70 FUN_00449ed0 FUN_0044b810"
0041c1c0,FUN_0041c1c0,195,1,"EnterCriticalSection FUN_00449f60 LeaveCriticalSection _free"
0041c290,FUN_0041c290,91,0,"FUN_0041c030 FUN_0041c120 FUN_0041c1c0 _free operator_new"
0041c330,FUN_0041c330,274,0,"FUN_00463b2c _free"
0041c510,FUN_0041c510,153,1,"FUN_0041c5b0 FUN_0041c680 operator_new"
0041c5b0,FUN_0041c5b0,202,1,"FUN_0041c030"
0041c680,FUN_0041c680,219,1,"FUN_0041c030"
0041c7d0,FUN_0041c7d0,44,0,""
0041c800,FUN_0041c800,76,0,""
0041c850,FUN_0041c850,38,0,""
0041cfd0,FUN_0041cfd0,410,1,"FUN_0041c510 FUN_0041f800 FUN_0043dc90 FUN_0044bc70"
0041d2c0,FUN_0041d2c0,269,1,"FUN_00463b2c"
0041d3d0,FUN_0041d3d0,1001,1,"FUN_0041f7a0 FUN_0041f800 FUN_004267f0 FUN_0043dd10 FUN_0043ee30 FUN_00448db0 FUN_0044bf40"
0041d7c0,FUN_0041d7c0,173,1,"FUN_004451c0 FUN_0044bc10"
0041d880,FUN_0041d880,1256,4,"FUN_0041bb00 FUN_0041c510 FUN_0041f7a0 FUN_0041f800 FUN_00448db0 __security_check_cookie"
0041dd80,FUN_0041dd80,1225,4,"FUN_0041bb00 FUN_0041c510 FUN_0041f800 FUN_0043e710 FUN_004489d0 FUN_00449950 __security_check_cookie"
0041e260,FUN_0041e260,609,2,"FUN_0041bb00 FUN_0041f800 FUN_0043e710 FUN_00449950"
0041e4d0,FUN_0041e4d0,226,3,""
0041e700,FUN_0041e700,816,1,"FUN_00405410 FUN_0041f800 FUN_004267f0 FUN_0043dd10 FUN_0043ee30 FUN_00448db0 FUN_0044bc10"
0041eb00,FUN_0041eb00,1158,4,"FUN_0041bb00 FUN_0041c510 FUN_0041f7a0 FUN_0041f800 FUN_00448db0 __security_check_cookie"
0041efa0,FUN_0041efa0,1085,4,"FUN_0041bb00 FUN_0041c510 FUN_0041f800 FUN_0043e710 FUN_004489d0 FUN_00449950 __security_check_cookie"
0041f400,FUN_0041f400,623,2,"FUN_0041bb00 FUN_0041f800 FUN_0043e710 FUN_004489d0 FUN_00449950"
0041f7a0,FUN_0041f7a0,91,3,""
0041f800,FUN_0041f800,30,3,""
0041f850,FUN_0041f850,128,0,""
0041f8d0,FUN_0041f8d0,82,0,"FUN_00447280 FUN_0044b810"
0041f930,FUN_0041f930,91,1,"FUN_00447810 _free"
0041fac0,FUN_0041fac0,140,0,"FUN_00449ae0 FUN_00449b70 FUN_00449ed0 FUN_0044c150 __beginthreadex"
0041fb50,FUN_0041fb50,417,1,"EnterCriticalSection FUN_00401260 FUN_0041f930 FUN_0042b1e0 FUN_00447810 FUN_00449f60 FUN_0044c150 LeaveCriticalSection _free _free"
0041fd00,FUN_0041fd00,69,0,"FUN_0041f850 FUN_0041fac0 FUN_0041fb50 _free operator_new"
0041fdd0,FUN_0041fdd0,220,1,"FUN_004489d0 FUN_00448d50 FUN_00449870 FUN_00449950"
0041ff80,FUN_0041ff80,113,1,"FUN_004218d0 FUN_00421e00 FUN_00447700 FUN_0044a5f0"
00420100,FUN_00420100,174,0,"FUN_00434c30 FUN_0044b360 FUN_0044b8e0 __security_check_cookie _sprintf"
00420270,FUN_00420270,293,0,"FUN_00413450 FUN_004203c0 FUN_004203f0 FUN_00434d10 FUN_00437d10 FUN_0043e460 FUN_0044c150 _free _free timeEndPeriod timeKillEvent"
004203c0,FUN_004203c0,48,0,"timeEndPeriod timeKillEvent"
004203f0,FUN_004203f0,128,0,"FUN_0040b7b0 FUN_00417c80 FUN_0041fb50 FUN_004294a0 FUN_0042cb60 _free"
00420470,FUN_00420470,204,0,"FUN_00449ae0 FUN_00449b70 FUN_00449ed0"
00420670,FUN_00420670,504,0,"FUN_0044b810 Sleep __beginthread _malloc"
00420870,FUN_00420870,534,2,"FUN_00418c40 FUN_0044b360 FUN_0044b540 FUN_0044b810 FUN_0044b8e0 _free"
00420a90,FUN_00420a90,120,2,"FUN_0043e460 __security_check_cookie _strrchr"
00420b10,FUN_00420b10,73,3,"FUN_0043e460"
00420c00,FUN_00420c00,41,1,"FUN_0043e460"
00420c30,FUN_00420c30,84,0,"FUN_0043e460 FUN_00463b2c"
00420cd0,FUN_00420cd0,53,0,"FUN_00442f50"
00420dd0,FUN_00420dd0,205,3,"FUN_00452730 _sscanf _strncmp"
00420ea0,FUN_00420ea0,118,2,"EnterCriticalSection FUN_0044c150 LeaveCriticalSection __beginthreadex"
00421070,FUN_00421070,244,2,"FUN_004491c0"
00421300,FUN_00421300,245,2,"FUN_004491c0"
00421480,FUN_00421480,287,0,"D3DXMatrixLookAtLH D3DXMatrixPerspectiveFovLH FUN_00442f50"
004215a0,FUN_004215a0,330,0,"D3DXMatrixLookAtLH D3DXMatrixPerspectiveFovLH D3DXVec3Normalize FUN_00442f50"
004216f0,FUN_004216f0,465,0,""
004218d0,FUN_004218d0,572,0,"EnterCriticalSection FUN_0040b940 FUN_0040b9d0 FUN_004180e0 FUN_00418150 FUN_0041fd00 FUN_004203f0 FUN_00421c50 FUN_0042cd50 FUN_0042cdb0 LeaveCriticalSection"
00421b90,FUN_00421b90,77,2,""
00421c50,FUN_00421c50,25,0,"LeaveCriticalSection"
00421d20,FUN_00421d20,21,0,""
00421e00,FUN_00421e00,225,0,"FUN_0044d4e0"
00421f00,FUN_00421f00,71,1,"FUN_00418c40"
00421f60,FUN_00421f60,28,0,""
00421fa0,FUN_00421fa0,313,0,"FID_conflict:__time32"
004220e0,FUN_004220e0,101,2,""
00422150,FUN_00422150,142,0,"FUN_00449ae0 FUN_00449b70 FUN_00449ed0"
00422220,FUN_00422220,311,1,"EnterCriticalSection FUN_004294a0 FUN_00449f60 LeaveCriticalSection _free"
00422360,FUN_00422360,67,0,"FUN_004220e0 FUN_00422150 FUN_00422220 _free operator_new"
004223f0,FUN_004223f0,179,1,"FUN_00422ab0 FUN_00422c80 FUN_004236f0 FUN_00463b2c"
004224c0,FUN_004224c0,404,1,"FUN_00401630"
00422660,FUN_00422660,1026,1,"FUN_00401630 FUN_004224c0 _localtime"
00422a90,FUN_00422a90,10,1,"FUN_004223f0"
00422ab0,FUN_00422ab0,382,1,"FUN_0040c4d0 FUN_00424480 FUN_0043dc90 FUN_0043e460 FUN_00448ac0 FUN_004492a0 FUN_004497d0 FUN_00449870 FUN_00449950"
00422c30,FUN_00422c30,74,0,"FUN_0043e460 FUN_004492a0"
00422c80,FUN_00422c80,1338,2,"FUN_00405410 FUN_00409e50 FUN_0040ac90 FUN_0040ace0 FUN_00422c30 FUN_004243f0 FUN_0043dc90 FUN_00449470 FUN_004497d0 FUN_0044be20 FUN_0044be70 FUN_0044bea0"
004231d0,FUN_004231d0,411,1,"FUN_00420a90 FUN_00424480 FUN_0043e460 FUN_00448ac0 FUN_00449870 FUN_00449950"
00423370,FUN_00423370,411,1,"FUN_00420a90 FUN_00424480 FUN_0043e460 FUN_00448ac0 FUN_00449870 FUN_00449950"
00423510,FUN_00423510,89,0,"FUN_00409e50"
00423570,FUN_00423570,374,1,"FUN_00421fa0 FUN_0044bea0"
004236f0,FUN_004236f0,3227,1,"FID_conflict:__time32 FUN_00405410 FUN_0040ac90 FUN_0040ace0 FUN_0040ad20 FUN_0040c4d0 FUN_00421f60 FUN_00423510 FUN_00423570 FUN_004243f0 FUN_004294a0 FUN_004296f0 FUN_004297b0 FUN_00429b60 FUN_0043dc90 FUN_00449470 FUN_00449590 FUN_004495e0 FUN_004497d0 FUN_0044be20 FUN_0044be70 FUN_0044bea0 __security_check_cookie _free _sprintf"
004243f0,FUN_004243f0,65,1,"FUN_004491c0"
00424480,FUN_00424480,162,6,"FUN_004491c0 FUN_00463b2c"
00424650,FUN_00424650,104,1,"FUN_0041a120"
004246c0,FUN_004246c0,244,0,""
004247f0,FUN_004247f0,1428,0,"FUN_00404f30 FUN_00426520 FUN_00426f70 FUN_00447280 FUN_00449ae0 FUN_00449b70 FUN_00449ed0 FUN_0044b810 FUN_00463b2c"
00424d90,FUN_00424d90,273,0,"FUN_00413790 FUN_004492a0"
00424ed0,FUN_00424ed0,325,2,"EnterCriticalSection FUN_00447810 FUN_004493e0 FUN_00449f60 LeaveCriticalSection _free _free"
00425020,FUN_00425020,69,0,"FUN_004246c0 FUN_004247f0 FUN_00424ed0 _free operator_new"
004250b0,FUN_004250b0,1588,1,"FUN_0043e710 FUN_004489d0 FUN_004491c0 FUN_00449210 FUN_004492f0 FUN_00449350 FUN_00449870 FUN_00449950 FUN_00463b2c"
00425730,FUN_00425730,3060,2,"FUN_00405410 FUN_004054b0 FUN_00405860 FUN_00408030 FUN_00408100 FUN_0040ac90 FUN_00412e70 FUN_0041bb00 FUN_0041c800 FUN_0041c850 FUN_004231d0 FUN_004250b0 FUN_00426610 FUN_004269d0 FUN_00426f70 FUN_00427b50 FUN_004281d0 FUN_00428280 FUN_0043ee30 FUN_0044bc70 FUN_0044c2a0 FUN_0044c5d0 FUN_00463b2c"
00426360,FUN_00426360,409,0,"FUN_00427c50 FUN_0043bda0 FUN_004451c0"
00426520,FUN_00426520,216,0,"FUN_0044b360"
00426610,FUN_00426610,67,1,""
00426660,FUN_00426660,67,1,""
004266b0,FUN_004266b0,316,2,"FUN_00426cf0"
004267f0,FUN_004267f0,471,4,"FUN_00426cf0"
004269d0,FUN_004269d0,796,1,"FUN_00413790 FUN_00424650 FUN_0043e710"
00426cf0,FUN_00426cf0,620,1,"FUN_0043dc90 FUN_0043e710 FUN_004489d0 FUN_004492f0 FUN_00449870 FUN_00449950"
00426f70,FUN_00426f70,2471,1,"FUN_004489d0 FUN_00448e30 FUN_00449470 FUN_00449870 FUN_00449950 FUN_00463b2c"
00427950,FUN_00427950,12,0,"FUN_00427960"
00427960,FUN_00427960,353,0,"FUN_00463b2c"
00427ae0,FUN_00427ae0,99,1,"FUN_00449470"
00427b50,FUN_00427b50,181,7,""
00427c50,FUN_00427c50,21,1,"FUN_00452ff0"
00427c70,FUN_00427c70,29,2,""
00427d80,FUN_00427d80,21,2,""
00427e90,FUN_00427e90,717,3,"FUN_0043dd10 FUN_004489d0 FUN_00449870 FUN_00449950 FUN_0044bc70 FUN_0044c5d0"
00428160,FUN_00428160,105,0,"FUN_00427e90"
004281d0,FUN_004281d0,174,0,"FUN_00404ed0 FUN_00405410 FUN_00428160 FUN_0044bf40"
00428280,FUN_00428280,870,1,"FUN_00409e50 FUN_0040c4d0 FUN_00428d70 FUN_004491c0 FUN_004492a0 FUN_0044bc70 FUN_0044c2a0 FUN_0044c5d0 FUN_00463b2c"
00428630,FUN_00428630,1170,4,"FUN_004059f0 FUN_0040c480 FUN_00427b50 FUN_00427c70 FUN_00448d00 FUN_00449450 FUN_00449630"
00428c20,FUN_00428c20,125,2,""
00428d70,FUN_00428d70,91,3,""
00428dd0,FUN_00428dd0,20,0,"FUN_0044bf40"
00428e10,FUN_00428e10,83,1,""
00428f60,FUN_00428f60,1344,1,"FUN_00418b80 FUN_00418c40 FUN_0042a200 FUN_0042a930 FUN_0042aa50 FUN_0042ab20 FUN_00449ae0 FUN_00449b70 operator_new"
004294a0,FUN_004294a0,367,1,"EnterCriticalSection FUN_0042ab20 FUN_00449f60 LeaveCriticalSection _free `eh_vector_destructor_iterator'"
00429610,FUN_00429610,185,2,"FUN_00428f60 FUN_004294a0 _free `eh_vector_constructor_iterator' operator_new"
004296f0,FUN_004296f0,181,1,"FUN_004294a0 FUN_0042a200 _free `eh_vector_constructor_iterator' operator_new"
004297b0,FUN_004297b0,18,0,"FUN_004294a0 _free"
004297d0,FUN_004297d0,596,0,"FUN_0040ac20 FUN_0042a8a0 FUN_0042aa50 FUN_00463b2c"
00429b60,FUN_00429b60,1681,3,"CloseHandle FUN_004359b0 FUN_0044b220 FUN_0044b620 FUN_00452abc LeaveCriticalSection WriteFile __security_check_cookie _free _localtime _malloc _sprintf"
0042a200,FUN_0042a200,447,1,"FUN_00435dc0 FUN_0044b0d0 FUN_0044b360 FUN_0044b4d0 FUN_0044b6b0 FUN_0044b790 FUN_0044b7e0 __security_check_cookie _free _malloc _sprintf"
0042a450,FUN_0042a450,579,0,"FUN_00424d90 FUN_00426f70 FUN_00428e10 FUN_0042aa50 FUN_0042ab20"
0042a6a0,FUN_0042a6a0,356,0,"FUN_00418b80 operator_new"
0042a8a0,FUN_0042a8a0,85,4,""
0042a930,FUN_0042a930,59,1,""
0042aa50,FUN_0042aa50,139,1,"operator_new"
0042ab20,FUN_0042ab20,93,1,"_free"
0042acb0,FUN_0042acb0,259,1,""
0042add0,FUN_0042add0,130,2,""
0042ae60,FUN_0042ae60,132,0,"FUN_0042acb0 FUN_0042add0 FUN_0042b030 FUN_0044b360"
0042af20,FUN_0042af20,97,0,"FUN_0042ae60 operator_new"
0042b030,FUN_0042b030,423,0,"FUN_00435dc0 FUN_0044b0d0 _free _malloc"
0042b1e0,FUN_0042b1e0,564,0,"CloseHandle FUN_004359b0 FUN_0044b220 FUN_0044b620 LeaveCriticalSection WriteFile _free _malloc"
0042b430,FUN_0042b430,134,0,""
0042b4d0,FUN_0042b4d0,145,0,"FUN_00401de0 FUN_0043e5a0 FUN_00449ae0 FUN_00449b70 FUN_00449ed0"
0042b570,FUN_0042b570,232,1,"EnterCriticalSection FUN_00449f60 LeaveCriticalSection _free"
0042b660,FUN_0042b660,71,0,"FUN_0042b430 FUN_0042b4d0 FUN_0042b570 _free operator_new"
0042b6f0,FUN_0042b6f0,134,2,"FUN_00463b2c"
0042b780,FUN_0042b780,540,0,"FUN_00442f50 FUN_00443080 FUN_00463b2c"
0042b9c0,FUN_0042b9c0,164,1,""
0042c360,FUN_0042c360,531,0,"FUN_00401690 FUN_00463b2c"
0042c5c0,FUN_0042c5c0,83,1,""
0042c620,FUN_0042c620,80,1,""
0042c670,FUN_0042c670,95,1,"FUN_004489d0 FUN_00449870 FUN_00449950"
0042c6d0,FUN_0042c6d0,83,1,"FUN_004491c0"
0042c730,FUN_0042c730,27,1,"FUN_00449250"
0042c750,FUN_0042c750,27,1,"FUN_00449250"
0042c770,FUN_0042c770,65,1,"FUN_004491c0"
0042c850,FUN_0042c850,69,0,""
0042c8c0,FUN_0042c8c0,86,0,""
0042c920,FUN_0042c920,204,2,""
0042caa0,FUN_0042caa0,192,0,"FUN_00447280 FUN_00449ae0 FUN_00449b70 FUN_00449ed0 FUN_0044b810"
0042cb60,FUN_0042cb60,491,1,"EnterCriticalSection FUN_004294a0 FUN_00447810 FUN_00449f60 FUN_0044c150 LeaveCriticalSection _free _free"
0042cd50,FUN_0042cd50,96,0,"FUN_0042c920 FUN_0044c150 __beginthreadex operator_new"
0042cdb0,FUN_0042cdb0,18,0,"FUN_0042cb60 _free"
0042cdf0,FUN_0042cdf0,1059,1,"FUN_00409e50 FUN_00420a90 FUN_00420b10 FUN_00420c00 FUN_004294a0 FUN_004296f0 FUN_0042c5c0 FUN_0042c670 FUN_0042c770 FUN_0042d300 FUN_0042d420 FUN_0042d920 FUN_0042f540 FUN_00430320 FUN_004306a0 FUN_00430a60 FUN_00430ff0 FUN_004315c0 FUN_00431ee0 FUN_00432cb0 FUN_00433570 FUN_00433ef0 FUN_004493e0 FUN_0044be20 FUN_00463b2c _free"
0042d300,FUN_0042d300,268,1,"FUN_00409e50 FUN_0042c5c0 FUN_0042c620 FUN_0042c670 FUN_0042c770 FUN_0043dc90 FUN_00448d00 FUN_004491c0"
0042d420,FUN_0042d420,1195,1,"FUN_0040ad20 FUN_0042c5c0 FUN_0042c620 FUN_0042c670 FUN_0042c6d0 FUN_0042c750 FUN_0042c770 FUN_0042c850 FUN_0043dc90 FUN_004491c0 FUN_00449250 FUN_0044be20 FUN_0044bea0"
0042d920,FUN_0042d920,3103,1,"FUN_0040ace0 FUN_00427c70 FUN_0042c5c0 FUN_0042c620 FUN_0042c670 FUN_0042c730 FUN_0042c750 FUN_0042c770 FUN_0042e5a0 FUN_0043dc90 FUN_004491c0 FUN_00449250 FUN_00449670 FUN_0044be20 FUN_0044be70 FUN_0044bea0"
0042e5a0,FUN_0042e5a0,3830,1,"FUN_0043e460 FUN_0043e5a0 FUN_004491c0 FUN_00463b2c"
0042f540,FUN_0042f540,859,0,"FUN_0042c5c0 FUN_0042c620 FUN_0042c670 FUN_0042c770 FUN_0042f8b0 FUN_00430250 FUN_0043dc90 FUN_00449250 FUN_0044a4e0 FUN_0044be70 FUN_0044bea0"
0042f8b0,FUN_0042f8b0,2437,1,"FUN_0043e5a0 FUN_004491c0"
00430250,FUN_00430250,200,2,"FUN_0042f8b0 FUN_0043dc90"
00430320,FUN_00430320,865,2,"FUN_00409e50 FUN_0040ace0 FUN_0040ad20 FUN_0042c5c0 FUN_0042c620 FUN_0042c670 FUN_0042c6d0 FUN_0042c750 FUN_0042c770 FUN_0043dc90 FUN_00448d00 FUN_004491c0 FUN_00449250 FUN_00449470 FUN_004497d0 FUN_0044be20 FUN_0044be70 FUN_0044bea0"
004306a0,FUN_004306a0,936,2,"FUN_0040ad20 FUN_0042c5c0 FUN_0042c620 FUN_0042c670 FUN_0042c6d0 FUN_0042c750 FUN_0042c770 FUN_0043dc90 FUN_00449250 FUN_00449470 FUN_004497d0 FUN_0044be20 FUN_0044be70 FUN_0044bea0"
00430a60,FUN_00430a60,1403,2,"FUN_0040c540 FUN_00420c30 FUN_0042c5c0 FUN_0042c620 FUN_0042c670 FUN_0042c6d0 FUN_0042c750 FUN_0042c770 FUN_0043c8b0 FUN_0043dc90 FUN_00449250 FUN_00449470 FUN_004495e0 FUN_004497d0 FUN_0044be20 FUN_0044be70 FUN_0044bea0"
00430ff0,FUN_00430ff0,1031,2,"FUN_0040c540 FUN_00420c30 FUN_0042c5c0 FUN_0042c620 FUN_0042c670 FUN_0042c6d0 FUN_0043c8b0 FUN_0043dc90 FUN_0044b010 FUN_0044be20 FUN_0044be70 FUN_0044bea0"
00431410,FUN_00431410,419,0,"FUN_00401630"
004315c0,FUN_004315c0,1450,1,"FUN_00409e50 FUN_0040ace0 FUN_0040ad20 FUN_0040c540 FUN_00420c30 FUN_004294a0 FUN_004296f0 FUN_0042c5c0 FUN_0042c620 FUN_0042c670 FUN_0042c6d0 FUN_0042c770 FUN_0043c8b0 FUN_0043dc90 FUN_00448d00 FUN_004491c0 FUN_0044be20 FUN_0044be70 FUN_0044bea0 FUN_00452abc FUN_00453111 FindClose FindFirstFileA FindNextFileA __security_check_cookie _free _sprintf"
00431ba0,FUN_00431ba0,825,1,"FUN_00401630 _localtime"
00431ee0,FUN_00431ee0,1937,2,"FUN_004088c0 FUN_00409e50 FUN_0042c5c0 FUN_0042c620 FUN_0042c670 FUN_0042c6d0 FUN_0042c770 FUN_0042c8c0 FUN_00432690 FUN_0043dc90 FUN_00448d00 FUN_004491c0 FUN_00449250 FUN_0044b010 FUN_0044be70 FUN_0044bea0"
00432690,FUN_00432690,844,1,"FUN_00447bb0 __security_check_cookie"
004329f0,FUN_004329f0,689,0,"FUN_00401630 _localtime"
00432cb0,FUN_00432cb0,1382,2,"FUN_00405410 FUN_0040ace0 FUN_0040ad20 FUN_00420a90 FUN_00420b10 FUN_00421fa0 FUN_0042c5c0 FUN_0042c620 FUN_0042c670 FUN_0042c6d0 FUN_0043dc90 FUN_00448d00 FUN_004491c0 FUN_0044bea0"
00433230,FUN_00433230,823,1,"FUN_00401630 _localtime"
00433570,FUN_00433570,1437,2,"FID_conflict:__time32 FUN_00409e50 FUN_0040ad20 FUN_00420a90 FUN_00420b10 FUN_004294a0 FUN_004296f0 FUN_004297b0 FUN_00429b60 FUN_0042c5c0 FUN_0042c620 FUN_0042c670 FUN_0042c6d0 FUN_0042c770 FUN_0043dc90 FUN_0044be70 FUN_0044bea0 __security_check_cookie _free _sprintf"
00433b30,FUN_00433b30,948,1,"FUN_00401630 _localtime"
00433ef0,FUN_00433ef0,2775,2,"FUN_00409e50 FUN_00420a90 FUN_00420b10 FUN_0042c5c0 FUN_0042c620 FUN_0042c670 FUN_0042c6d0 FUN_0042c770 FUN_004349e0 FUN_00434a20 FUN_00434a80 FUN_0043dc90 FUN_0043e460 FUN_00447a50 FUN_004489d0 FUN_00448d00 FUN_004491c0 FUN_00449450 FUN_00449870 FUN_00449950 FUN_0044b360 FUN_0044be70 FUN_0044bea0 _free"
004349e0,FUN_004349e0,59,2,""
00434a20,FUN_00434a20,92,2,""
00434a80,FUN_00434a80,206,4,""
00434c20,FUN_00434c20,10,0,"FUN_00434d10"
00434c30,FUN_00434c30,108,1,"FUN_00434d10 FUN_00434f70 FUN_00435220 FUN_00435370 operator_new"
00434ca0,FUN_00434ca0,100,1,"FUN_00434d10 FUN_00434f70 FUN_00435220 operator_new"
00434d10,FUN_00434d10,86,0,"_free _free `eh_vector_destructor_iterator'"
00434dd0,FUN_00434dd0,278,2,"FUN_00434f30 FUN_00435dc0 FUN_0044b0d0 _free _malloc"
00434ef0,FUN_00434ef0,51,0,"__stricmp"
00434f30,FUN_00434f30,53,0,"__stricmp"
00434f70,FUN_00434f70,350,1,"FUN_004350d0 FUN_00435dc0 FUN_0044b0d0 _free _malloc"
004350d0,FUN_004350d0,327,3,"_malloc `eh_vector_constructor_iterator' operator_new"
00435220,FUN_00435220,47,0,"_malloc"
00435250,FUN_00435250,26,1,"_free"
00435320,FUN_00435320,30,2,"FUN_00435340 _free"
00435340,FUN_00435340,46,1,"CloseHandle"
00435370,FUN_00435370,236,3,"CreateFileA DeleteFileA FUN_00435610 SetFilePointer __security_check_cookie"
00435460,FUN_00435460,34,1,"CloseHandle"
00435580,FUN_00435580,137,2,"_free _malloc"
00435610,FUN_00435610,121,1,"FUN_00452730 GetModuleFileNameA _strrchr"
004356f0,FUN_004356f0,209,1,"FUN_00452730 __security_check_cookie"
00435800,FUN_00435800,214,2,"CloseHandle FUN_00434dd0 FUN_00435370 FUN_00435580 FUN_004356f0 FUN_00452730 GetFileSize"
004358e0,FUN_004358e0,190,1,"CloseHandle FUN_00434ef0 FUN_00435370 FUN_004356f0 FUN_00452730 GetFileSize"
004359b0,FUN_004359b0,1026,3,"FUN_00436000 FUN_00436210 _malloc"
00435dc0,FUN_00435dc0,475,4,"_malloc"
00436000,FUN_00436000,513,3,""
00436210,FUN_00436210,80,1,"FUN_00436210 FUN_00436260 FUN_004362b0 FUN_00436330"
00436260,FUN_00436260,79,2,""
004362b0,FUN_004362b0,117,1,""
00436330,FUN_00436330,43,0,""
004363a0,FUN_004363a0,30,2,"FUN_004363c0 _free"
004363c0,FUN_004363c0,49,1,"_free"
00436430,FUN_00436430,37,1,"_free"
00436570,FUN_00436570,201,4,"CreateProcessA GetExitCodeProcess"
00436660,FUN_00436660,30,2,"FUN_00436680 _free"
00436680,FUN_00436680,49,1,"_free"
004366c0,FUN_004366c0,168,2,"FindResourceA FreeResource LoadResource LockResource SizeofResource _malloc"
00436a30,FUN_00436a30,107,0,"DeleteDC DeleteObject SelectObject"
00436af0,FUN_00436af0,421,3,"CreateCompatibleDC CreateDIBSection FUN_00436a30 SelectObject"
00436ca0,FUN_00436ca0,72,1,""
00436da0,FUN_00436da0,939,2,""
00437160,FUN_00437160,157,2,""
00437750,FUN_00437750,645,5,""
00437a00,FUN_00437a00,781,0,"CreateFontA FUN_00436af0"
00437d10,FUN_00437d10,149,0,"DeleteObject FUN_00436a30"
00437db0,FUN_00437db0,554,6,"D3DXLoadSurfaceFromMemory FUN_00436da0 FUN_00437160 SelectObject SetBkMode SetTextColor TextOutA"
00437fe0,FUN_00437fe0,509,6,"D3DXLoadSurfaceFromMemory FUN_00436ca0 FUN_00436da0 FUN_00437160 SelectObject SetBkMode SetTextColor TextOutA"
004381f0,FUN_004381f0,38,1,"_free"
00438260,FUN_00438260,227,4,"FUN_00438510 FUN_004386b0 FUN_00462428 FUN_004624e5"
00438350,FUN_00438350,34,2,"FUN_00438420"
00438380,FUN_00438380,83,3,"_free"
00438420,FUN_00438420,234,3,"FUN_00438260 FUN_004386b0 FUN_004624e5"
00438510,FUN_00438510,117,3,"FUN_00462428 _memmove"
00438590,FUN_00438590,31,2,""
004386b0,FUN_004386b0,115,2,"FUN_0043874c operator_new"
00438723,Catch@00438723,32,0,"operator_new"
0043874c,FUN_0043874c,118,2,"_free"
004387c2,Catch@004387c2,48,0,"__CxxThrowException@8 _free"
00438880,FUN_00438880,103,1,"FUN_00449e50 FUN_0044c150"
00438a30,FUN_00438a30,43,0,""
00438a60,FUN_00438a60,111,0,"FUN_00448270 FUN_00448450"
00438ad0,FUN_00438ad0,1386,1,"CreateThread DeleteCriticalSection DestroyWindow Direct3DCreate9 DispatchMessageA FUN_00420270 FUN_00420470 FUN_00420870 FUN_00438880 FUN_00438a30 FUN_004392e0 FUN_00439390 FUN_00439540 FUN_00439730 FUN_00439890 FUN_00439d20 FUN_00439ff0 FUN_0043a1c0 FUN_0043a910 FUN_0043ae20 FUN_0043cc40 FUN_0043d120 FUN_0043ddf0 FUN_00445900 FUN_00446220 FUN_00449aa0 FUN_0044a0c0 FUN_0044b080 FUN_0044b540 FUN_0044b810 FUN_0044b8e0 InitializeCriticalSection MessageBoxA MoveWindow PeekMessageA SetCursor SetForegroundWindow ShowCursor ShowWindow SystemParametersInfoA TranslateMessage WINNLSEnableIME _free _free operator_new"
004390e0,FUN_004390e0,265,5,"DefWindowProcA FUN_0043aeb0 LoadCursorA SetCursor SetForegroundWindow ShowCursor"
004391f0,FUN_004391f0,236,0,"FUN_00420670 FUN_00438a30 FUN_00438a60 FUN_00439d20 FUN_0044b4d0 FUN_00452abc __security_check_cookie _sprintf"
004392e0,FUN_004392e0,100,0,"QueryPerformanceCounter QueryPerformanceFrequency SystemParametersInfoA"
00439390,FUN_00439390,418,1,"FUN_00420cd0 FUN_00421480 FUN_004391f0 FUN_00439540 FUN_0043ddf0 FUN_00442f50 FUN_00449c00 FUN_00449d40 FUN_0044c150 Sleep"
00439540,FUN_00439540,282,0,"EnterCriticalSection LeaveCriticalSection QueryPerformanceCounter timeBeginPeriod timeEndPeriod timeGetTime"
00439730,FUN_00439730,341,0,"CreateWindowExA GetStockObject GetSystemMetrics LoadCursorA RegisterClassA SendMessageA Sleep"
00439890,FUN_00439890,1159,0,"D3DXMatrixLookAtLH D3DXMatrixPerspectiveFovLH FUN_00439d20 FUN_0043bcd0 FUN_0044b810 FUN_0044b8e0"
00439d20,FUN_00439d20,710,1,""
00439ff0,FUN_00439ff0,439,0,"CreateMutexA FUN_0043a290 FUN_0044b4d0 FUN_0044b8e0 GetConsoleTitleA GetLastError GetModuleFileNameA GetStartupInfoA __security_check_cookie __stricmp _strrchr"
0043a1c0,FUN_0043a1c0,207,0,"FUN_0044b360 GetModuleFileNameA __security_check_cookie _free"
0043a290,FUN_0043a290,272,1,"CoCreateInstance CoInitialize CoUninitialize MultiByteToWideChar __security_check_cookie _free operator_new"
0043a730,FUN_0043a730,26,0,""
0043a910,FUN_0043a910,156,1,"FUN_0043aa60 FUN_0043ae20 _free midiOutClose midiOutReset timeEndPeriod timeKillEvent"
0043aa60,FUN_0043aa60,107,0,"_free"
0043aad0,FUN_0043aad0,448,1,"FUN_0043aa60 __security_check_cookie _malloc"
0043ace0,FUN_0043ace0,132,0,""
0043ae20,FUN_0043ae20,129,1,"FUN_0043aeb0 midiOutClose midiOutReset timeEndPeriod timeKillEvent"
0043aeb0,FUN_0043aeb0,79,2,"_free midiOutUnprepareHeader"
0043af30,FUN_0043af30,467,1,"FUN_0043ace0 FUN_0043b110 FUN_0043b7a0 FUN_00463b2c __allmul __aulldiv"
0043b110,FUN_0043b110,1323,2,"FUN_0043a730 FUN_0043aeb0 FUN_00463b2c __allmul __aulldiv _free _malloc midiOutLongMsg midiOutPrepareHeader midiOutShortMsg"
0043b7a0,FUN_0043b7a0,140,1,"FUN_00463b2c midiOutShortMsg"
0043b8d0,FUN_0043b8d0,439,0,"DirectInput8Create FUN_00421d20 FUN_0044b810 GetWindowLongA"
0043bc40,FUN_0043bc40,135,0,""
0043bcd0,FUN_0043bcd0,108,0,"FUN_0043bc40 FUN_00442f50"
0043bda0,FUN_0043bda0,483,0,"FUN_00442f50"
0043bfa0,FUN_0043bfa0,501,0,"FUN_00442f50"
0043c1a0,FUN_0043c1a0,134,0,"FUN_0043bda0 FUN_00442f50"
0043c2c0,FUN_0043c2c0,68,0,"FUN_0043bda0"
0043c410,FUN_0043c410,68,0,"FUN_0043bda0"
0043c500,FUN_0043c500,74,0,"FUN_0043bda0"
0043c870,FUN_0043c870,26,1,"FUN_0043cb00 _free"
0043c8b0,FUN_0043c8b0,82,5,"FUN_0043c970 operator_new"
0043c970,FUN_0043c970,357,5,"FUN_0044a000 FUN_0044a030"
0043cb00,FUN_0043cb00,127,1,"EnterCriticalSection FUN_00449f60 LeaveCriticalSection"
0043cb80,FUN_0043cb80,88,1,""
0043cc40,FUN_0043cc40,175,0,"CloseHandle Sleep WaitForSingleObject"
0043cd30,FUN_0043cd30,777,2,"DirectSoundCreate8 FUN_0043d390 FUN_0044b810 FUN_0044c7e0 SetTimer __security_check_cookie _free operator_new"
0043d120,FUN_0043d120,301,0,"FUN_0043dab0 KillTimer _free _free"
0043d250,FUN_0043d250,71,2,"_strncmp"
0043d2a0,FUN_0043d2a0,227,2,"__security_check_cookie _strrchr"
0043d390,FUN_0043d390,684,3,"FUN_0043d250 FUN_0044b810 Sleep __security_check_cookie _free _strncmp"
0043d690,FUN_0043d690,241,1,"CreateEventA CreateThread FUN_0043dab0 FUN_0044c8f0"
0043d790,FUN_0043d790,55,1,"FUN_0043d2a0 FUN_0044dca0"
0043d7d0,FUN_0043d7d0,369,1,"CloseHandle CreateFileA FUN_0043d2a0 ReadFile SetFilePointer _free _malloc"
0043d950,FUN_0043d950,298,0,"CreateEventA CreateThread FUN_0043d790 FUN_0044cbf0"
0043dab0,FUN_0043dab0,176,0,"CloseHandle FUN_0044d550 PostThreadMessageA WaitForSingleObject"
0043db60,FUN_0043db60,288,0,"FUN_0043cc40 FUN_00463b2c"
0043dc90,FUN_0043dc90,123,2,""
0043dd10,FUN_0043dd10,149,0,"FUN_00463b2c"
0043ddf0,FUN_0043ddf0,1408,1,"CloseHandle FUN_0043d2a0 FUN_0043d7d0 FUN_0043d950 FUN_0043dab0 FUN_0044cf20 FUN_0044d110 FUN_0044d440 FUN_0044d4e0 FUN_0044d550 FUN_0044d5b0 FUN_0044d5d0 FUN_0044dad0 FUN_0044dca0 FUN_00463b2c PostThreadMessageA WaitForSingleObject"
0043e3a0,FUN_0043e3a0,189,0,"FUN_0044d850 MsgWaitForMultipleObjects PeekMessageA"
0043e460,FUN_0043e460,101,4,""
0043e5a0,FUN_0043e5a0,356,2,""
0043e710,FUN_0043e710,203,1,"FUN_00401de0 FUN_0043ee30"
0043e7e0,FUN_0043e7e0,194,2,"FUN_0043ee30"
0043e8b0,FUN_0043e8b0,287,2,"FUN_0043ee30"
0043eac0,FUN_0043eac0,334,1,"FUN_0044bb20 FUN_0044bb90 FUN_00463b2c"
0043ec70,FUN_0043ec70,104,1,"FUN_00463b2c"
0043ed00,FUN_0043ed00,108,2,"FUN_00463b2c"
0043eda0,FUN_0043eda0,92,3,""
0043ee30,FUN_0043ee30,9574,3,"FUN_00404610 FUN_004050d0 FUN_00405410 FUN_00413200 FUN_0041ab70 FUN_00428dd0 FUN_0043cb80 FUN_0043e5a0 FUN_0043eac0 FUN_0043ec70 FUN_0043ed00 FUN_0043eda0 FUN_00441600 FUN_00441950 FUN_00441ad0 FUN_00441ef0 FUN_00441f50 FUN_00442050 FUN_00442220 FUN_00442300 FUN_004452f0 FUN_00448d00 FUN_00448e30 FUN_00448f60 FUN_00449090 FUN_00449450 FUN_0044bb20 FUN_0044bc10 FUN_0044bf40 FUN_00463b2c FUN_00463bba FUN_00463bf0 _malloc"
00441600,FUN_00441600,820,1,"FUN_00441e50 FUN_0044c350 FUN_00463b2c"
00441950,FUN_00441950,370,2,"FUN_0044c350 FUN_00463b2c"
00441ad0,FUN_00441ad0,652,0,"FUN_0044c350 FUN_00463b2c"
00441e50,FUN_00441e50,56,0,"FUN_00463b2c"
00441ef0,FUN_00441ef0,30,3,""
00441f50,FUN_00441f50,116,4,""
00442050,FUN_00442050,208,4,""
00442220,FUN_00442220,208,4,""
00442300,FUN_00442300,130,4,""
004423c0,FUN_004423c0,25,1,""
004423e0,FUN_004423e0,440,0,"FUN_00442f50"
004425a0,FUN_004425a0,201,0,"FUN_00442f50"
00442670,FUN_00442670,1111,2,"FUN_004423c0 FUN_004425a0 FUN_00442f50 FUN_00442fe0"
00442f50,FUN_00442f50,133,0,""
00442fe0,FUN_00442fe0,157,2,""
00443080,FUN_00443080,515,1,"FUN_00442670 FUN_00452ff0"
00443290,FUN_00443290,486,1,"FUN_00442670"
00443b60,FUN_00443b60,1047,0,"D3DXVec3Project"
00443f80,FUN_00443f80,33,1,"FUN_00442670 FUN_00443b60"
00443fb0,FUN_00443fb0,643,0,"FUN_00442670 FUN_00443b60 FUN_00463b2c"
00444240,FUN_00444240,818,0,"D3DXMatrixMultiply D3DXMatrixRotationX D3DXMatrixRotationY D3DXMatrixRotationZ D3DXVec3Project"
00444580,FUN_00444580,60,0,"FUN_00442670 FUN_00444240"
004445c0,FUN_004445c0,402,2,"D3DXVec3Transform FUN_00442670 FUN_00444240 FUN_00463b2c"
00444760,FUN_00444760,929,1,"D3DXMatrixMultiply D3DXMatrixRotationX D3DXMatrixRotationY D3DXMatrixRotationZ FUN_004423e0 FUN_00442f50"
00444b10,FUN_00444b10,201,1,""
00444be0,FUN_00444be0,201,1,""
00444ce0,FUN_00444ce0,224,1,"FUN_004425a0 FUN_00442f50"
004450e0,FUN_004450e0,211,1,"FUN_004425a0 FUN_00442f50"
004451c0,FUN_004451c0,1355,1,"FUN_00442670 FUN_00443080 FUN_00443290 FUN_00443f80 FUN_00443fb0 FUN_00444580 FUN_004445c0 FUN_00444760 FUN_00444ce0"
004452f0,FUN_004452f0,803,0,"FUN_004458b0 FUN_0044bb90 _free _malloc"
00445620,FUN_00445620,586,1,"FUN_004458b0"
004458b0,FUN_004458b0,30,3,""
00445900,FUN_00445900,2312,1,"FUN_00401de0 FUN_00449ae0 FUN_00449b70 `eh_vector_constructor_iterator' operator_new"
00446220,FUN_00446220,206,1,"FUN_00448bb0 _free `eh_vector_destructor_iterator'"
004462f0,FUN_004462f0,472,0,""
004465b0,FUN_004465b0,1414,0,""
00446c70,FUN_00446c70,243,0,"D3DXLoadSurfaceFromFileInMemory D3DXLoadSurfaceFromMemory FUN_004465b0"
00446d70,FUN_00446d70,320,4,"D3DXLoadSurfaceFromFileInMemory D3DXLoadSurfaceFromMemory FUN_004465b0"
00446eb0,FUN_00446eb0,132,5,"D3DXCreateTextureFromFileInMemoryEx FUN_004465b0"
00446f40,FUN_00446f40,264,3,"D3DXCreateTexture D3DXLoadSurfaceFromMemory"
00447050,FUN_00447050,41,2,"D3DXCreateTexture"
004470c0,FUN_004470c0,433,3,"FUN_004472e0 FUN_0044b360 FUN_0044b8e0 __security_check_cookie _malloc _sprintf operator_new"
00447280,FUN_00447280,81,3,"FUN_004470c0 Sleep"
004472e0,FUN_004472e0,214,3,"FUN_0044b360 FUN_0044b8e0 __security_check_cookie _sprintf"
004473c0,FUN_004473c0,174,2,"FUN_00447470"
00447470,FUN_00447470,641,5,"FUN_00446eb0 FUN_00446f40 FUN_00447050 FUN_00447940 FUN_0044b8e0"
00447700,FUN_00447700,135,2,"FUN_004473c0 FUN_00447810 _free"
004477d0,FUN_004477d0,55,1,"FUN_00447810 _free"
00447810,FUN_00447810,242,1,"FUN_004493e0 _free"
00447940,FUN_00447940,143,2,""
004479d0,FUN_004479d0,127,4,"FUN_00437db0 FUN_00437fe0 FUN_00463b2c"
00447a50,FUN_00447a50,141,3,"FUN_004479d0 __security_check_cookie _vsprintf"
00447ae0,FUN_00447ae0,204,3,"FUN_004479d0 FUN_00463b2c __security_check_cookie _vsprintf"
00447bb0,FUN_00447bb0,194,3,"FUN_004479d0 FUN_00463b2c __security_check_cookie _vsprintf"
00447f70,FUN_00447f70,87,0,"_free"
00447fd0,FUN_00447fd0,330,0,"D3DXLoadSurfaceFromSurface"
00448120,FUN_00448120,325,2,"D3DXLoadSurfaceFromSurface"
00448270,FUN_00448270,240,1,"D3DXLoadSurfaceFromSurface FUN_00442f50"
00448450,FUN_00448450,379,5,"D3DXLoadSurfaceFromSurface FUN_00442f50 FUN_00447f70"
00448860,FUN_00448860,149,2,"FUN_0043ee30 FUN_00448bb0"
00448900,FUN_00448900,123,2,"FUN_0043ee30 FUN_00448bb0"
00448980,FUN_00448980,67,0,"FUN_004451c0"
004489d0,FUN_004489d0,118,2,""
00448a50,FUN_00448a50,112,2,""
00448ac0,FUN_00448ac0,118,2,""
00448b40,FUN_00448b40,112,2,""
00448bb0,FUN_00448bb0,268,0,"FUN_00401de0 _free _free"
00448d00,FUN_00448d00,73,3,"FUN_004489d0 FUN_00449870 FUN_00449950"
00448d50,FUN_00448d50,95,1,"FUN_0043e710 FUN_004489d0 FUN_00449950"
00448db0,FUN_00448db0,118,1,"FUN_0043e710 FUN_004489d0 FUN_00449950"
00448e30,FUN_00448e30,73,3,"FUN_00448a50 FUN_00449870 FUN_00449950"
00448f60,FUN_00448f60,73,3,"FUN_00448ac0 FUN_00449870 FUN_00449950"
00449090,FUN_00449090,73,3,"FUN_00448b40 FUN_00449870 FUN_00449950"
004491c0,FUN_004491c0,73,3,""
00449210,FUN_00449210,54,3,"FUN_004491c0"
00449250,FUN_00449250,76,3,"FUN_0043ee30 FUN_004491c0"
004492a0,FUN_004492a0,66,3,"FUN_004491c0"
004492f0,FUN_004492f0,90,3,"FUN_004491c0"
00449350,FUN_00449350,111,3,"FUN_004491c0"
004493e0,FUN_004493e0,84,2,""
00449450,FUN_00449450,21,1,"FUN_004491c0"
00449470,FUN_00449470,58,1,"FUN_004491c0"
00449590,FUN_00449590,67,0,"FUN_004491c0"
004495e0,FUN_004495e0,67,0,"FUN_004491c0"
00449630,FUN_00449630,21,1,"FUN_004492a0"
00449670,FUN_00449670,36,1,"FUN_0043e5a0 FUN_004491c0"
004496a0,FUN_004496a0,34,2,"FUN_0043e5a0 FUN_004491c0"
004496d0,FUN_004496d0,36,1,"FUN_0043e8b0 FUN_004491c0"
004497d0,FUN_004497d0,70,1,"FUN_004491c0"
00449870,FUN_00449870,217,2,"FUN_0043e7e0"
00449950,FUN_00449950,161,0,"FUN_00401de0 FUN_00402050 operator_new"
00449a90,FUN_00449a90,12,0,""
00449aa0,FUN_00449aa0,59,0,""
00449ae0,FUN_00449ae0,131,1,"EnterCriticalSection LeaveCriticalSection"
00449b70,FUN_00449b70,131,1,"EnterCriticalSection LeaveCriticalSection"
00449c00,FUN_00449c00,265,1,"EnterCriticalSection FUN_00449f60 LeaveCriticalSection"
00449d40,FUN_00449d40,241,1,"EnterCriticalSection FUN_00449f60 LeaveCriticalSection"
00449e50,FUN_00449e50,82,1,"EnterCriticalSection FUN_00449f60 LeaveCriticalSection"
00449ed0,FUN_00449ed0,74,1,"operator_new"
00449f60,FUN_00449f60,114,2,"_free"
0044a000,FUN_0044a000,43,1,"FUN_00449ae0 FUN_00449ed0"
0044a030,FUN_0044a030,43,1,"FUN_00449b70 FUN_00449ed0"
0044a0c0,FUN_0044a0c0,105,0,"FUN_0044b810 joyGetDevCapsA joyGetPosEx"
0044a190,FUN_0044a190,830,3,"__security_check_cookie joyGetPosEx"
0044a4e0,FUN_0044a4e0,264,1,"__security_check_cookie joyGetPosEx"
0044a5f0,FUN_0044a5f0,850,1,"FUN_0044a190 GetKeyboardState __security_check_cookie"
0044b010,FUN_0044b010,103,2,"GetKeyboardState"
0044b080,FUN_0044b080,75,0,"GetKeyboardState SetKeyboardState __security_check_cookie"
0044b0d0,FUN_0044b0d0,320,5,"_free _malloc"
0044b220,FUN_0044b220,307,5,"_free _malloc"
0044b360,FUN_0044b360,360,2,"CloseHandle CreateFileA EnterCriticalSection FUN_00434dd0 GetFileSize LeaveCriticalSection ReadFile __stricmp _malloc _strrchr"
0044b4d0,FUN_0044b4d0,111,1,"CloseHandle CreateFileA EnterCriticalSection LeaveCriticalSection"
0044b540,FUN_0044b540,218,2,"CloseHandle CreateFileA EnterCriticalSection FormatMessageA GetLastError LeaveCriticalSection LocalFree WriteFile"
0044b620,FUN_0044b620,137,1,"CreateFileA EnterCriticalSection FormatMessageA GetLastError LeaveCriticalSection LocalFree"
0044b6b0,FUN_0044b6b0,137,1,"CreateFileA EnterCriticalSection FormatMessageA GetLastError LeaveCriticalSection LocalFree"
0044b740,FUN_0044b740,76,2,"CloseHandle LeaveCriticalSection WriteFile"
0044b790,FUN_0044b790,74,0,"CloseHandle ReadFile _malloc"
0044b7e0,FUN_0044b7e0,37,0,"CloseHandle LeaveCriticalSection"
0044b810,FUN_0044b810,201,2,"EnterCriticalSection LeaveCriticalSection __chkstk __security_check_cookie _vsprintf"
0044b8e0,FUN_0044b8e0,201,1,"EnterCriticalSection LeaveCriticalSection __security_check_cookie _vsprintf"
0044b9e0,FUN_0044b9e0,78,1,""
0044ba80,FUN_0044ba80,155,1,"__security_check_cookie"
0044bb20,FUN_0044bb20,109,1,""
0044bb90,FUN_0044bb90,115,1,""
0044bc10,FUN_0044bc10,94,2,""
0044bc70,FUN_0044bc70,91,1,""
0044bd10,FUN_0044bd10,260,0,"GetVersionExA __security_check_cookie"
0044be20,FUN_0044be20,66,0,""
0044be70,FUN_0044be70,47,0,""
0044bea0,FUN_0044bea0,128,1,""
0044bf40,FUN_0044bf40,88,1,"FUN_00463b2c"
0044c100,FUN_0044c100,36,2,"FUN_0044c150 _free"
0044c130,FUN_0044c130,16,1,"FUN_0044c150"
0044c150,FUN_0044c150,101,0,"CloseHandle Sleep WaitForSingleObject"
0044c1c0,FUN_0044c1c0,56,1,"FUN_0044c150 __beginthreadex"
0044c2a0,FUN_0044c2a0,171,0,"FUN_0044c5d0 FUN_00452ff0"
0044c350,FUN_0044c350,509,2,""
0044c5d0,FUN_0044c5d0,30,3,""
0044c7e0,FUN_0044c7e0,260,2,"__security_check_cookie"
0044c8f0,FUN_0044c8f0,691,12,"CloseHandle FUN_0044d6a0 FUN_0044dbf0 __security_check_cookie _free operator_new"
0044cbf0,FUN_0044cbf0,651,13,"FUN_0044d6a0 __security_check_cookie _free operator_new"
0044ce80,FUN_0044ce80,118,2,"FUN_0044d110 operator_new"
0044cf00,FUN_0044cf00,30,2,"FUN_0044d080 _free"
0044cf20,FUN_0044cf20,338,0,"_free operator_new"
0044d080,FUN_0044d080,136,1,"CloseHandle _free"
0044d110,FUN_0044d110,483,1,"FUN_0044dd40 FUN_0044de10 SetFilePointer Sleep"
0044d300,FUN_0044d300,98,0,"Sleep"
0044d370,FUN_0044d370,103,1,"_rand"
0044d440,FUN_0044d440,145,3,"FUN_0044d110 FUN_0044d300 FUN_0044d370 FUN_0044d4e0 FUN_0044d600"
0044d4e0,FUN_0044d4e0,106,0,"FUN_00463b2c"
0044d550,FUN_0044d550,82,0,""
0044d5b0,FUN_0044d5b0,29,1,""
0044d5d0,FUN_0044d5d0,41,0,""
0044d600,FUN_0044d600,61,0,""
0044d6a0,FUN_0044d6a0,109,3,"FUN_0044d110 operator_new"
0044d710,FUN_0044d710,30,2,"FUN_0044d730 _free"
0044d730,FUN_0044d730,11,1,"FUN_0044d080"
0044d850,FUN_0044d850,634,1,"FUN_0044d110 FUN_0044d300 FUN_0044dd40 FUN_0044de10"
0044dad0,FUN_0044dad0,213,1,"FUN_0044d110 FUN_0044d300 SetFilePointer"
0044dbf0,FUN_0044dbf0,173,2,"CreateFileA SetFilePointer"
0044dca0,FUN_0044dca0,78,1,"SetFilePointer"
0044dd40,FUN_0044dd40,194,0,"SetFilePointer"
0044de10,FUN_0044de10,202,4,"ReadFile"
0044df70,FUN_0044df70,550,2,"FUN_0044ff00 FUN_0044ff80 FUN_00450470 FUN_00463b2c"
0044e1a0,FUN_0044e1a0,6682,1,"FUN_0044bc70 FUN_0044df70 FUN_0044fdb0 FUN_0044fe40 FUN_0044ff00 FUN_0044ff80 FUN_00450030 FUN_00450070 FUN_004500d0 FUN_00450160 FUN_00450190 FUN_004501b0 FUN_004505b0 FUN_00450690 FUN_004506d0 FUN_00452730 FUN_00463b2c _free _malloc"
0044fd10,FUN_0044fd10,146,1,"FUN_0044e1a0 _free"
0044fdb0,FUN_0044fdb0,144,3,"FUN_00463b2c"
0044fe40,FUN_0044fe40,183,1,"FUN_00463b2c"
0044ff00,FUN_0044ff00,124,4,"FUN_00463b2c"
0044ff80,FUN_0044ff80,171,2,"FUN_00463b2c"
00450030,FUN_00450030,58,1,""
00450070,FUN_00450070,93,1,"FUN_00463b2c"
004500d0,FUN_004500d0,142,2,"FUN_0044df70 operator_new"
00450160,FUN_00450160,29,1,""
00450190,FUN_00450190,31,0,""
004501b0,FUN_004501b0,30,3,""
00450220,FUN_00450220,589,2,"_free _malloc"
00450470,FUN_00450470,136,1,""
004505b0,FUN_004505b0,96,4,""
00450690,FUN_00450690,64,1,""
004506d0,FUN_004506d0,41,0,""
00450700,FUN_00450700,30,1,"FUN_00450470"
0045071e,DirectInput8Create,6,0,""
00452170,DirectSoundCreate8,6,0,""
00452176,Direct3DCreate9,6,0,""
0045217c,D3DXVec3Normalize,6,0,""
00452182,D3DXMatrixTranslation,6,0,""
00452188,D3DXVec3ProjectArray,6,0,""
0045218e,D3DXVec3Project,6,0,""
00452194,D3DXMatrixLookAtLH,6,0,""
0045219a,D3DXMatrixPerspectiveFovLH,6,0,""
004521a0,D3DXCreateTexture,6,0,""
004521a6,D3DXLoadSurfaceFromMemory,6,0,""
004521ac,D3DXMatrixRotationX,6,0,""
004521b2,D3DXMatrixMultiply,6,0,""
004521b8,D3DXMatrixRotationY,6,0,""
004521be,D3DXMatrixRotationZ,6,0,""
004521c4,D3DXVec3Transform,6,0,""
004521ca,D3DXCreateTextureFromFileInMemoryEx,6,0,""
004521d0,D3DXLoadSurfaceFromFileInMemory,6,0,""
004521d6,D3DXLoadSurfaceFromSurface,6,0,""
0045232c,WINNLSEnableIME,6,0,""
00452422,_free,104,1,"FUN_00452475 HeapFree __SEH_epilog __SEH_prolog ___sbh_find_block ___sbh_free_block __lock"
00452475,FUN_00452475,9,0,"FUN_00453b3f"
00452493,operator_new,14,1,"__nh_malloc"
004524a1,_free,5,1,""
004524a6,_vsprintf,87,3,"FUN_00454ed7 __flsbuf"
004524fd,FUN_004524fd,48,2,"FUN_00454ed7"
0045252d,`eh_vector_constructor_iterator',74,5,"FUN_00452577 __SEH_epilog __SEH_prolog"
00452577,FUN_00452577,24,0,"__ArrayUnwind"
004525a1,__ArrayUnwind,47,4,"__SEH_epilog __SEH_prolog"
004525ff,`eh_vector_destructor_iterator',72,4,"FUN_00452647 __SEH_epilog __SEH_prolog"
00452647,FUN_00452647,24,0,"__ArrayUnwind"
0045265f,__heap_alloc,111,1,"FUN_004526d1 HeapAlloc __SEH_epilog __SEH_prolog ___sbh_alloc_block __lock"
004526d1,FUN_004526d1,9,0,"FUN_00453b3f"
004526da,__nh_malloc,44,2,"__callnewh __heap_alloc"
00452706,_malloc,18,1,"__nh_malloc"
00452730,FUN_00452730,190,2,""
004527ee,_atol,136,1,"___isctype_mt ___updatetlocinfo __getptd"
00452876,_atol,5,1,""
00452930,_strrchr,45,2,""
00452960,_strncpy,292,3,""
00452a84,_atof,56,1,"FUN_00456674 _isspace _strlen"
00452abc,FUN_00452abc,44,1,"CreateDirectoryA GetLastError __dosmaperr"
00452ae8,_sprintf,88,2,"FUN_00454ed7 __flsbuf"
00452b40,FUN_00452b40,49,1,"FUN_00454ed7"
00452b71,FID_conflict:__time32,57,1,"GetSystemTimeAsFileTime __aulldiv"
00452baa,_localtime,384,1,"___tzset __isindst _gmtime"
00452d2a,__onexit_lk,128,0,"FUN_00457395 __msize"
00452daa,___onexitinit,40,0,"_malloc"
00452dd2,__onexit,50,1,"FUN_00452e04 FUN_00457577 __SEH_epilog __SEH_prolog __onexit_lk"
00452e04,FUN_00452e04,6,0,"FUN_00457580"
00452e0a,_atexit,18,1,"__onexit"
00452e1c,__endthread,61,0,"CloseHandle ExitThread FUN_00456a8b __amsg_exit __freeptd __getptd"
00452e5a,FUN_00452e5a,134,1,"FUN_00456a8b __SEH_prolog __XcptFilter __amsg_exit __endthread _free"
00452eec,__beginthread,145,3,"CreateThread FUN_00456af2 FUN_0045794d GetLastError ResumeThread __dosmaperr __initptd _free"
00452f80,_strncmp,57,3,""
00452fb9,_sscanf,52,2,"FUN_00457a7c _strlen"
00452ff0,FUN_00452ff0,289,2,"FUN_004588a7"
00453111,FUN_00453111,278,1,"GetCurrentDirectoryA GetLastError SetCurrentDirectoryA SetEnvironmentVariableA __SEH_epilog __SEH_prolog __chkstk __dosmaperr __mbctoupper __security_check_cookie _free"
00453280,_memmove,672,3,""
004535bd,__endthreadex,48,1,"ExitThread FUN_00456a8b __amsg_exit __freeptd __getptd"
004535ee,FUN_004535ee,137,1,"FUN_00456a8b GetCurrentThreadId __SEH_prolog __XcptFilter __amsg_exit __endthreadex _free"
00453683,__beginthreadex,139,6,"CreateThread FUN_00456af2 FUN_0045794d GetLastError __dosmaperr __initptd _free"
0045371b,_rand,34,0,"__getptd"
0045373d,__amsg_exit,37,1,"FUN_00458efd __FF_MSGBANNER __exit"
00453762,fast_error_exit,36,1,"FUN_00458efd __FF_MSGBANNER ___crtExitProcess"
004537dc,entry,426,0,"FUN_00438ad0 GetCommandLineA GetModuleHandleA GetStartupInfoA GetVersionExA __RTC_Initialize __SEH_epilog __SEH_prolog ___crtGetEnvironmentStringsA __amsg_exit __cexit __chkstk __cinit __heap_init __ioinit __mtinit __setargv __setenvp __wincmdln _exit fast_error_exit"
004539b1,___heap_select,26,0,""
004539cb,__heap_init,81,0,"HeapCreate HeapDestroy ___heap_select ___sbh_heap_init"
00453aa1,__mtinitlocks,73,0,"___crtInitCritSecAndSpinCount"
00453aea,__mtdeletelocks,85,0,"DeleteCriticalSection _free"
00453b3f,FUN_00453b3f,21,1,"LeaveCriticalSection"
00453b6c,__mtinitlocknum,151,1,"FUN_00453c03 FUN_00456af2 __SEH_epilog __SEH_prolog ___crtInitCritSecAndSpinCount __local_unwind2 __lock _free _malloc"
00453c03,FUN_00453c03,9,0,"FUN_00453b3f"
00453c0c,__lock,49,1,"EnterCriticalSection __amsg_exit __mtinitlocknum"
00453c52,___sbh_heap_init,72,1,"HeapAlloc"
00453c9a,___sbh_find_block,43,1,""
00453cc5,___sbh_free_block,792,2,"HeapFree VirtualFree _memmove"
00453fdd,___sbh_alloc_new_region,183,0,"HeapAlloc HeapFree HeapReAlloc VirtualAlloc"
00454094,___sbh_alloc_new_group,262,1,"VirtualAlloc"
0045419a,___sbh_resize_block,735,3,""
0045454a,___sbh_heap_check,793,0,"IsBadWritePtr"
004548be,___sbh_alloc_block,764,1,"___sbh_alloc_new_group ___sbh_alloc_new_region"
00454bbc,__SEH_prolog,59,2,""
00454bf7,__SEH_epilog,17,0,""
00454cf6,FUN_00454cf6,27,1,"__local_unwind2"
00454d11,__flsbuf,281,2,"__getbuf __isatty __lseek __write"
00454e2a,write_char,51,0,"__flsbuf"
00454e5d,write_multi_char,36,2,"write_char"
00454e81,write_string,55,1,"write_char"
00454ed7,FUN_00454ed7,1946,3,"FUN_0045fdaf __aulldvrm __security_check_cookie _free _malloc _strlen _wctomb write_char write_multi_char write_string"
00455693,terminate,46,0,"__SEH_prolog __getptd _abort"
004556e0,_inconsistency,38,0,"__SEH_prolog terminate"
00455737,__callnewh,27,1,""
00455752,___isctype_mt,119,4,"___crtGetStringTypeA"
004557fc,___freetlocinfo,208,1,"___free_lc_time ___free_lconv_mon ___free_lconv_num _free"
004558cc,___updatetlocinfo_lk,193,0,"___freetlocinfo __getptd"
00455990,FUN_00455990,36,2,"FUN_0045bd90"
004559b4,___lc_strtolc,220,2,"_memset _strcspn _strncpy"
00455a90,FUN_00455a90,78,2,"FUN_00455990 FUN_0045bd80"
00455ade,___updatetlocinfo,50,0,"FUN_00455b10 __SEH_epilog __SEH_prolog ___updatetlocinfo_lk __lock"
00455b10,FUN_00455b10,9,0,"FUN_00453b3f"
0045631e,FUN_0045631e,9,0,"TlsAlloc"
00456327,__mtterm,29,0,"__mtdeletelocks"
00456344,__initptd,19,2,""
00456357,__getptd,113,0,"FUN_0045794d GetCurrentThreadId GetLastError SetLastError __amsg_exit"
004563c8,__freefls@4,301,1,"FUN_004564fa FUN_00456506 __SEH_epilog __SEH_prolog ___freetlocinfo __lock _free"
004564fa,FUN_004564fa,9,0,"FUN_00453b3f"
00456506,FUN_00456506,9,0,"FUN_00453b3f"
0045650f,__freeptd,47,1,"__freefls@4"
0045654a,__mtinit,239,0,"FUN_0045631e FUN_0045794d GetCurrentThreadId GetModuleHandleA GetProcAddress TlsSetValue __mtinitlocks __mtterm"
00456640,__allmul,52,4,""
00456674,FUN_00456674,161,2,"FID_conflict:__ld12tod FUN_0045d746 __security_check_cookie"
00456720,_strlen,139,1,""
0045685e,_isdigit,58,1,"___isctype_mt ___updatetlocinfo __getptd"
00456898,_isxdigit,63,1,"___isctype_mt ___updatetlocinfo __getptd"
004568d7,_isspace,58,1,"___isctype_mt ___updatetlocinfo __getptd"
00456a8b,FUN_00456a8b,1,0,""
00456a8c,FUN_00456a8c,56,0,""
00456ad4,__fpmath,30,1,"FUN_00456a8c __ms_p5_mp_test_fdiv __setdefaultprecision"
00456af2,FUN_00456af2,9,0,"__getptd"
00456afb,FUN_00456afb,9,0,"__getptd"
00456b04,__dosmaperr,115,1,"__getptd"
00456b80,__aulldiv,104,4,""
00456be8,__tzset_lk,666,0,"FUN_00456e03 FUN_0045bd80 GetTimeZoneInformation WideCharToMultiByte __SEH_epilog __SEH_prolog __getenv_lk __local_unwind2 __lock _atol _free _malloc _strcmp _strlen _strncpy"
00456e03,FUN_00456e03,9,0,"FUN_00453b3f"
00456e90,cvtdate,440,9,""
00457048,__isindst_lk,391,0,"cvtdate"
004571cf,___tzset,67,0,"FUN_00457212 __SEH_epilog __SEH_prolog __lock __tzset_lk"
00457212,FUN_00457212,9,0,"FUN_00453b3f"
00457250,__isindst,53,1,"FUN_00457285 __SEH_epilog __SEH_prolog __isindst_lk __lock"
00457285,FUN_00457285,9,0,"FUN_00453b3f"
0045728e,_gmtime,263,1,"__getptd _malloc"
00457395,FUN_00457395,417,2,"FUN_004574fd HeapAlloc HeapReAlloc __SEH_epilog __SEH_prolog ___sbh_alloc_block ___sbh_find_block ___sbh_free_block ___sbh_resize_block __callnewh __lock _free _malloc _memcpy"
004574fd,FUN_004574fd,9,0,"FUN_00453b3f"
00457547,___crtExitProcess,47,1,"ExitProcess GetModuleHandleA GetProcAddress"
00457577,FUN_00457577,9,0,"__lock"
00457580,FUN_00457580,9,0,"FUN_00453b3f"
00457589,__initterm,24,1,""
004575bf,__cinit,106,1,"___onexitinit ___security_init_cookie __fpmath _atexit"
00457629,doexit,181,3,"FUN_004576d8 GetCurrentProcess TerminateProcess __SEH_epilog __SEH_prolog ___crtExitProcess __initterm __lock"
004576d8,FUN_004576d8,14,0,"FUN_00453b3f"
004576ec,_exit,17,1,"doexit"
004576fd,__exit,17,1,"doexit"
0045770e,__cexit,15,0,"doexit"
0045772c,__msize,106,1,"FUN_00457799 HeapSize __SEH_epilog __SEH_prolog ___sbh_find_block __lock"
00457799,FUN_00457799,9,0,"FUN_00453b3f"
004577ce,__XcptFilter,356,2,"UnhandledExceptionFilter __getptd"
0045794d,FUN_0045794d,203,2,"FUN_00457a13 HeapAlloc __SEH_epilog __SEH_prolog ___sbh_alloc_block __callnewh __lock _memset"
00457a13,FUN_00457a13,9,0,"FUN_00453b3f"
00457a3c,__inc,22,2,"__filbuf"
00457a7c,FUN_00457a7c,3562,3,"FID_conflict:_ungetc FUN_0045fdaf __SEH_epilog __SEH_prolog __allmul __chkstk __inc __security_check_cookie _free _isdigit _isspace _isxdigit _mbtowc _memset"
004588a7,FUN_004588a7,631,4,"FUN_00456af2 FUN_0045e3a0 __security_check_cookie"
00458b1e,FUN_00458b1e,46,0,"__SEH_epilog __SEH_prolog"
00458b53,FUN_00458b53,210,0,"FUN_00458b1e __security_check_cookie _strncmp"
00458c39,__floor_default,211,1,"FUN_0045ea31 __ctrlfp __frnd __handle_qnan1 __sptype"
00458d0c,__mbctoupper,133,1,"FUN_0045ee1d ___updatetmbcinfo __getptd"
00458d91,__resetstkoflw,227,0,"GetSystemInfo VirtualAlloc VirtualProtect VirtualQuery __chkstk"
00458e74,report_failure,41,0,"ExitProcess FUN_0045f259 __SEH_prolog"
00458ea5,__security_check_cookie,14,1,"report_failure"
00458ec0,__chkstk,61,0,""
00458efd,FUN_00458efd,376,1,"FUN_0045bd80 FUN_0045bd90 GetModuleFileNameA GetStdHandle WriteFile ___crtMessageBoxA __chkstk __security_check_cookie _strlen _strncpy"
0045909f,__FF_MSGBANNER,57,0,"FUN_00458efd"
004590d8,__wincmdln,93,0,"___initmbctable __ismbblead"
00459135,__setenvp,199,0,"FUN_0045bd80 ___initmbctable _free _malloc _strlen"
004591fc,parse_cmdline,364,2,""
00459368,__setargv,162,0,"GetModuleFileNameA ___initmbctable _malloc parse_cmdline"
0045940a,___crtGetEnvironmentStringsA,290,0,"FreeEnvironmentStringsA FreeEnvironmentStringsW GetEnvironmentStrings GetEnvironmentStringsW GetLastError WideCharToMultiByte _free _malloc _memcpy"
0045952c,__ioinit,510,0,"GetFileType GetStartupInfoA GetStdHandle SetHandleCount ___crtInitCritSecAndSpinCount _malloc"
00459776,__RTC_Initialize,61,0,"__SEH_epilog __SEH_prolog"
004597fe,___crtInitCritSecNoSpinCount@8,16,1,"InitializeCriticalSection"
0045980e,___crtInitCritSecAndSpinCount,103,2,"GetModuleHandleA GetProcAddress __SEH_epilog __SEH_prolog ___crtInitCritSecNoSpinCount@8"
0045989c,__global_unwind2,32,1,"RtlUnwind"
004598de,__local_unwind2,104,2,"FUN_00459972"
00459946,__abnormal_termination,35,0,""
00459969,__NLG_Notify1,9,1,""
00459972,FUN_00459972,24,0,""
0045998a,__ValidateEH3RN,553,1,"InterlockedExchange VirtualQuery"
00459bb3,__lseek_lk,116,3,"FUN_00456af2 GetLastError SetFilePointer __dosmaperr __get_osfhandle"
00459c27,__lseek,160,3,"FUN_00456af2 FUN_00456afb FUN_00459cae __SEH_epilog __SEH_prolog __lock_fhandle __lseek_lk"
00459cae,FUN_00459cae,8,0,"FUN_0045f7b5"
00459cd2,FUN_00459cd2,444,3,"FUN_00456af2 FUN_00456afb GetLastError WriteFile __dosmaperr __lseeki64_lk __security_check_cookie"
00459e8e,__write,160,3,"FUN_00456af2 FUN_00456afb FUN_00459cd2 FUN_00459f15 __SEH_epilog __SEH_prolog __lock_fhandle"
00459f15,FUN_00459f15,8,0,"FUN_0045f7b5"
00459f39,__getbuf,68,1,"_malloc"
00459f7d,__isatty,42,1,""
0045a10e,___wctomb_mt,96,3,"FUN_00456af2 WideCharToMultiByte"
0045a16e,_wctomb,39,2,"___updatetlocinfo ___wctomb_mt __getptd"
0045a1b0,__aulldvrm,149,4,""
0045a245,_abort,24,0,"FUN_00458efd __exit _raise"
0045a25d,___crtGetStringTypeA,421,7,"FUN_0045794d FUN_004601a1 FUN_004601e8 GetLastError GetStringTypeA GetStringTypeW MultiByteToWideChar __SEH_epilog __SEH_prolog __chkstk _free _memset"
0045a417,__Getdays,127,0,"FUN_0045bd80 _malloc _strlen"
0045a496,__Getmonths,149,0,"FUN_0045bd80 _malloc _strlen"
0045a52b,__Gettnames,563,0,"FUN_0045bd80 _malloc _memcpy _strlen"
0045a75e,__store_str,32,2,""
0045a7b4,__store_num,121,3,""
0045a82d,__expandtime,614,5,"___tzset __store_num __store_str __store_winword"
0045aa93,__store_winword,1139,6,"GetTimeFormatA __SEH_epilog __SEH_prolog ___ascii_stricmp __chkstk __expandtime _free _malloc"
0045af1d,FUN_0045af1d,195,6,"__expandtime"
0045afe0,__Strftime,50,5,"FUN_0045af1d ___updatetlocinfo __getptd"
0045b033,__get_lc_time,871,0,"FUN_0046041e"
0045b39a,___free_lc_time,400,1,"_free"
0045b5bc,___free_lconv_num,95,1,"_free"
0045b61b,___init_numeric,461,1,"FUN_0045794d FUN_0046041e ___free_lconv_num _free _malloc"
0045b81b,___free_lconv_mon,217,1,"_free"
0045b8f4,___init_monetary,575,1,"FUN_0045794d FUN_0046041e ___free_lconv_mon _free _malloc"
0045bb33,FUN_0045bb33,494,0,"FUN_0046041e GetCPInfo ___crtGetStringTypeA __security_check_cookie _free _malloc _memcpy"
0045bd80,FUN_0045bd80,7,2,""
0045bd90,FUN_0045bd90,232,2,""
0045be80,_strcspn,70,2,""
0045bed0,_memset,96,3,""
0045bf30,_strcmp,135,2,""
0045bfc0,_memcpy,672,3,""
0045c2fd,_TranslateName,96,3,"__stricmp"
0045c377,FUN_0045c377,122,1,"__security_check_cookie _atol _strcmp"
0045c3f1,FUN_0045c3f1,30,1,""
0045c40f,crtGetLocaleInfoA,227,4,"GetLocaleInfoA _strncpy"
0045c4f2,_LcidFromHexString,53,2,""
0045c527,_GetPrimaryLen,29,2,""
0045c544,FUN_0045c544,152,2,"FUN_0045c3f1 _LcidFromHexString __security_check_cookie __stricmp"
0045c5dc,FUN_0045c5dc,117,2,"_GetPrimaryLen _LcidFromHexString __security_check_cookie _strlen"
0045c651,FUN_0045c651,542,2,"FUN_0045c3f1 FUN_0045c5dc _LcidFromHexString __security_check_cookie __stricmp __strnicmp _strlen"
0045c86f,FUN_0045c86f,207,2,"FUN_0045c5dc _LcidFromHexString __security_check_cookie __stricmp __strnicmp"
0045ccd0,_strpbrk,64,2,""
0045cd56,FUN_0045cd56,47,0,""
0045cd85,setSBCS,41,0,""
0045cdae,FUN_0045cdae,411,0,"FUN_0045ee1d GetCPInfo ___crtGetStringTypeA __security_check_cookie"
0045cf49,___updatetmbcinfo,99,0,"FUN_0045cfaf __SEH_epilog __SEH_prolog __getptd __lock _free"
0045cfaf,FUN_0045cfaf,9,0,"FUN_00453b3f"
0045cfb8,FUN_0045cfb8,404,1,"FUN_0045cd56 FUN_0045cdae GetCPInfo __security_check_cookie setSBCS"
0045d15c,__setmbcp,327,1,"FUN_0045cfb8 FUN_0045d2a3 GetACP GetOEMCP __SEH_epilog __SEH_prolog __lock _free _malloc"
0045d2a3,FUN_0045d2a3,9,0,"FUN_00453b3f"
0045d2ac,___initmbctable,30,0,"__setmbcp"
0045d2ca,__ZeroTail,50,2,""
0045d2fc,__IncMan,77,2,"___addl"
0045d349,__RoundMan,114,2,"__IncMan __ZeroTail"
0045d3bb,__CopyMan,27,2,""
0045d3d6,FUN_0045d3d6,12,1,""
0045d3e2,__IsZeroMan,25,1,""
0045d3fb,__ShrMan,123,2,""
0045d476,__ld12cvt,344,3,"__CopyMan __IsZeroMan __RoundMan __ShrMan"
0045d5ce,FID_conflict:__ld12tod,22,2,"__ld12cvt"
0045d5e4,FID_conflict:__ld12tod,22,2,"__ld12cvt"
0045d5fa,__ld12told,124,2,"__RoundMan"
0045d676,FUN_0045d676,69,2,"FID_conflict:__ld12tod FUN_0045d746 __security_check_cookie"
0045d6bb,FUN_0045d6bb,70,2,"FUN_0045d746 __ld12told __security_check_cookie"
0045d701,FUN_0045d701,69,2,"FID_conflict:__ld12tod FUN_0045d746 __security_check_cookie"
0045d746,FUN_0045d746,1039,7,"FUN_00460872 FUN_00460b90 __security_check_cookie _isdigit"
0045db86,FUN_0045db86,85,4,"FUN_0045d746 __ld12told __security_check_cookie"
0045dbdb,FUN_0045dbdb,60,1,"_isdigit _tolower"
0045dc7c,__fassign,62,3,"FUN_0045d676 FUN_0045d701"
0045dcba,__shift,29,0,"_memmove _strlen"
0045dcd7,__cftoe2,174,3,"FUN_0045bd80 __shift"
0045dd85,FUN_0045dd85,112,4,"FUN_00460e41 __cftoe2 __fptostr __security_check_cookie"
0045ddf5,__cftof2,156,3,"__shift _memset"
0045de91,FUN_0045de91,103,3,"FUN_00460e41 __cftof2 __fptostr __security_check_cookie"
0045def8,FUN_0045def8,159,4,"FUN_00460e41 __cftoe2 __cftof2 __fptostr __security_check_cookie"
0045df97,__cfltcvt,81,6,"FUN_0045dd85 FUN_0045de91 FUN_0045def8"
0045dfe8,__setdefaultprecision,18,0,"__controlfp"
0045dffa,__ms_p5_test_fdiv,64,0,""
0045e03a,__ms_p5_mp_test_fdiv,41,0,"GetModuleHandleA GetProcAddress __ms_p5_test_fdiv"
0045e063,__getenv_lk,129,1,"___wtomb_environ __mbsnbicoll _strlen"
0045e123,__filbuf,225,1,"__getbuf __read"
0045e204,FID_conflict:_ungetc,108,2,"__getbuf"
0045e2b5,___mbtowc_mt,192,4,"FUN_00456af2 MultiByteToWideChar"
0045e375,_mbtowc,43,3,"___mbtowc_mt ___updatetlocinfo __getptd"
0045e3a0,FUN_0045e3a0,3,0,""
0045e3a3,__raise_exc,677,6,"RaiseException __clrfp __statfp"
0045e648,__handle_exc,548,3,"FUN_0045edab __decomp"
0045e86c,FID_conflict:__set_errno_from_matherr,40,1,"FUN_00456af2"
0045e8b4,__errcode,45,1,""
0045e8e1,__umatherr,158,2,"FID_conflict:__set_errno_from_matherr FUN_0045e3a0 __ctrlfp"
0045e97f,__handle_qnan1,83,2,"FUN_00456af2 __ctrlfp __umatherr"
0045e9d2,__handle_qnan2,95,3,"FUN_00456af2 __ctrlfp __umatherr"
0045ea31,FUN_0045ea31,188,5,"FID_conflict:__set_errno_from_matherr __ctrlfp __errcode __handle_exc __raise_exc __security_check_cookie __umatherr"
0045eaed,FUN_0045eaed,205,6,"FID_conflict:__set_errno_from_matherr __ctrlfp __errcode __handle_exc __raise_exc __security_check_cookie __umatherr"
0045ebba,__frnd,17,1,""
0045ebcb,__set_exp,42,2,""
0045ec34,__set_bexp,37,2,""
0045ec59,__sptype,91,2,""
0045ecb4,__decomp,188,3,"__set_exp"
0045ed70,__statfp,11,0,""
0045ed7b,__clrfp,12,0,""
0045ed87,__ctrlfp,36,0,""
0045edab,FUN_0045edab,86,0,""
0045ee1d,FUN_0045ee1d,912,8,"FUN_004601a1 FUN_004601e8 GetLastError LCMapStringA LCMapStringW MultiByteToWideChar WideCharToMultiByte __SEH_epilog __SEH_prolog __chkstk _free _malloc _memset"
0045f1f3,___security_init_cookie,102,0,"GetCurrentProcessId GetCurrentThreadId GetSystemTimeAsFileTime GetTickCount QueryPerformanceCounter"
0045f259,FUN_0045f259,322,1,"FUN_0045bd80 FUN_0045bd90 GetModuleFileNameA __SEH_prolog ___crtMessageBoxA __chkstk __exit _strlen _strncpy"
0045f3d0,___crtMessageBoxA,249,3,"GetProcAddress LoadLibraryA"
0045f4c9,x_ismbbtype,51,3,""
0045f590,__ismbblead,17,1,"x_ismbbtype"
0045f655,__free_osfhnd,127,1,"FUN_00456af2 FUN_00456afb SetStdHandle"
0045f6d4,__get_osfhandle,65,1,"FUN_00456af2 FUN_00456afb"
0045f715,__lock_fhandle,148,1,"EnterCriticalSection FUN_0045f7ac __SEH_epilog __SEH_prolog ___crtInitCritSecAndSpinCount __local_unwind2 __lock"
0045f7ac,FUN_0045f7ac,9,0,"FUN_00453b3f"
0045f7b5,FUN_0045f7b5,34,1,"LeaveCriticalSection"
0045fa1a,__lseeki64_lk,131,4,"FUN_00456af2 GetLastError SetFilePointer __dosmaperr __get_osfhandle"
0045fbf6,FUN_0045fbf6,93,1,"__write"
0045fdaf,FUN_0045fdaf,9,0,"__amsg_exit"
0045fe47,siglookup,46,0,""
00460028,_raise,356,1,"FUN_00460163 __SEH_epilog __SEH_prolog __exit __getptd __lock siglookup"
00460163,FUN_00460163,13,1,"FUN_00453b3f"
004601a1,FUN_004601a1,71,1,"GetLocaleInfoA __security_check_cookie _atol"
004601e8,FUN_004601e8,451,6,"FUN_0045794d GetCPInfo MultiByteToWideChar WideCharToMultiByte __SEH_epilog __SEH_prolog __chkstk __security_check_cookie _free _memset _strlen"
004603d0,___ascii_stricmp,78,2,""
0046041e,FUN_0046041e,304,4,"GetLastError ___crtGetLocaleInfoA ___crtGetLocaleInfoW __security_check_cookie _free _isdigit _malloc _strncpy"
0046054e,__stricmp,105,2,"___ascii_stricmp ___tolower_mt ___updatetlocinfo __getptd"
004605b7,__strnicmp,127,3,"___ascii_strnicmp ___tolower_mt ___updatetlocinfo __getptd"
00460636,xtoa,62,2,""
00460674,__itoa,42,3,"xtoa"
0046069e,__ltoa,39,3,"xtoa"
004606df,FID_conflict:@x64toa@20,109,4,"__aulldvrm"
0046074c,__i64toa,49,3,"FID_conflict:@x64toa@20"
0046077d,__ui64toa,27,3,"FID_conflict:@x64toa@20"
00460798,___addl,33,3,""
004607b9,___add_12,94,2,"___addl"
00460817,___shl_12,46,1,""
00460845,___shr_12,45,1,""
00460872,FUN_00460872,232,3,"___add_12 ___shl_12 __security_check_cookie"
0046095a,FUN_0046095a,566,2,"___addl ___shl_12 ___shr_12 __security_check_cookie"
00460b90,FUN_00460b90,142,3,"FUN_0046095a __security_check_cookie"
00460c26,___tolower_mt,200,3,"FUN_0045ee1d ___isctype_mt"
00460cee,_tolower,34,1,"___tolower_mt ___updatetlocinfo __getptd"
00460d10,__fptostr,119,4,"_memmove _strlen"
00460d87,___dtold,186,2,""
00460e41,FUN_00460e41,120,4,"FUN_0045bd80 FUN_00461841 ___dtold __security_check_cookie"
00460ee4,__abstract_cw,146,0,""
00460f76,__hw_cw,142,0,""
0046105e,__control87,50,2,"__abstract_cw __hw_cw"
00461090,__controlfp,22,2,"__control87"
004610a6,__mbsnbicoll,78,3,"FUN_00461af9 ___updatetmbcinfo __getptd"
004610f4,___wtomb_environ,144,0,"FUN_00461f31 WideCharToMultiByte _free _malloc"
00461184,FUN_00461184,477,3,"FUN_00456af2 FUN_00456afb GetLastError ReadFile __dosmaperr __lseeki64_lk"
00461361,__read,160,3,"FUN_00456af2 FUN_00456afb FUN_00461184 FUN_004613e8 __SEH_epilog __SEH_prolog __lock_fhandle"
004613e8,FUN_004613e8,8,0,"FUN_0045f7b5"
0046140c,FUN_0046140c,76,1,"FUN_0045fbf6 FUN_0046218a FUN_00462225 _free"
00461565,___crtGetLocaleInfoW,281,5,"GetLastError GetLocaleInfoA GetLocaleInfoW MultiByteToWideChar __SEH_epilog __SEH_prolog __chkstk _free _malloc"
00461695,___crtGetLocaleInfoA,297,5,"GetLastError GetLocaleInfoA GetLocaleInfoW WideCharToMultiByte __SEH_epilog __SEH_prolog __chkstk _free _malloc"
004617e0,___ascii_strnicmp,97,3,""
00461841,FUN_00461841,668,6,"FUN_0045bd80 FUN_0046095a FUN_00460b90 ___add_12 ___shl_12 ___shr_12 __security_check_cookie"
00461add,_strncnt,28,2,""
00461af9,FUN_00461af9,854,7,"CompareStringA CompareStringW FUN_004601a1 FUN_004601e8 GetCPInfo GetLastError MultiByteToWideChar __SEH_epilog __SEH_prolog __chkstk __security_check_cookie _free _malloc _strncnt"
00461e83,findenv,77,1,"__mbsnbicoll"
00461ed0,copy_environ,97,0,"__amsg_exit __strdup _malloc"
00461f31,FUN_00461f31,470,2,"FUN_00457395 FUN_0045bd80 FUN_0046227b SetEnvironmentVariableA ___wtomb_environ _free _malloc _strlen copy_environ findenv"
00462107,__close_lk,131,1,"CloseHandle GetLastError __dosmaperr __free_osfhnd __get_osfhandle"
0046218a,FUN_0046218a,144,1,"FUN_00456af2 FUN_00456afb FUN_00462201 __SEH_epilog __SEH_prolog __close_lk __lock_fhandle"
00462201,FUN_00462201,8,0,"FUN_0045f7b5"
00462225,FUN_00462225,43,1,"_free"
00462250,__strdup,43,1,"FUN_0045bd80 _malloc _strlen"
0046227b,FUN_0046227b,128,2,"FUN_00452730 ___updatetmbcinfo __getptd"
00462301,basic_string<char,std::char_traits<char>,std::allocator<char>_>,38,2,"FUN_00438260 FUN_00438590"
00462327,FID_conflict:runtime_error,60,0,"FUN_00462adc basic_string<char,std::char_traits<char>,std::allocator<char>_> exception"
00462371,FUN_00462371,29,1,"FUN_00438380 ~exception"
0046238e,FUN_0046238e,28,2,"FUN_00462371 _free"
004623c2,FUN_004623c2,28,2,"FUN_004623de _free"
004623de,FUN_004623de,11,1,"FUN_00462371"
00462401,FUN_00462401,28,2,"FUN_0046241d _free"
0046241d,FUN_0046241d,11,1,"FUN_00462371"
00462428,FUN_00462428,63,0,"FID_conflict:runtime_error FUN_004624c3 FUN_00462adc __CxxThrowException@8"
004624c3,FUN_004624c3,34,2,"FUN_00438350 FUN_00438590"
004624e5,FUN_004624e5,63,0,"FID_conflict:runtime_error FUN_004624c3 FUN_00462adc __CxxThrowException@8"
0046263a,RtlUnwind,6,4,""
004626d6,_JumpToContinuation,43,2,""
00462706,_CallMemberFunction0,7,2,""
0046270d,FID_conflict:_CallMemberFunction1,7,2,""
00462714,FID_conflict:_CallMemberFunction1,7,2,""
0046271b,_UnwindNestedFrames,82,2,"RtlUnwind"
0046276d,___CxxFrameHandler,54,4,"___InternalCxxFrameHandler"
004627f8,_CallSETranslator,199,7,"__getptd"
004628bf,TranslatorGuardHandler,175,4,"_CallSETranslator _UnwindNestedFrames ___InternalCxxFrameHandler"
00462971,_GetRangeOfTrysToCheck,122,5,"_inconsistency"
004629eb,_CreateFrameInfo,40,2,"__getptd"
00462a13,IsExceptionObjectToBeDestroyed,33,1,"__getptd"
00462a34,_FindAndUnlinkFrame,76,1,"__getptd _inconsistency"
00462a80,_CallCatchBlock2,89,5,"__CallSettingFrame@12"
00462adc,FUN_00462adc,31,0,""
00462afb,__CxxThrowException@8,58,2,"RaiseException"
00462b35,~type_info,61,1,"FUN_00462b72 __SEH_epilog __SEH_prolog __lock _free"
00462b72,FUN_00462b72,9,0,"FUN_00453b3f"
00462b7b,`scalar_deleting_destructor',28,2,"_free ~type_info"
00462c01,exception,17,1,""
00462c5a,FUN_00462c5a,82,2,"FUN_0045bd80 _malloc _strlen"
00462cac,~exception,22,1,"_free"
00462d00,FUN_00462d00,11,1,"~exception"
00462d3c,FUN_00462d3c,11,1,"~exception"
00462d77,FUN_00462d77,11,1,"~exception"
00462d82,FUN_00462d82,28,2,"_free ~exception"
00462d9e,operator=,31,2,"FUN_00462c5a ~exception"
00462dbd,FUN_00462dbd,28,2,"FUN_00462d00 _free"
00462dd9,FUN_00462dd9,28,2,"FUN_00462d3c _free"
00462df5,FUN_00462df5,28,2,"FUN_00462d77 _free"
00462e11,TypeMatch,79,3,"_strcmp"
00462e7e,___FrameUnwindToState,148,4,"FUN_00462f31 __CallSettingFrame@12 __SEH_epilog __SEH_prolog __getptd _inconsistency"
00462f31,FUN_00462f31,27,0,"__getptd"
00462f7c,___DestructExceptionObject,52,1,"_CallMemberFunction0 __SEH_epilog __SEH_prolog"
00462fc1,AdjustPointer,31,2,""
004631d5,CallCatchBlock,157,7,"FUN_0046332a _CallCatchBlock2 _CreateFrameInfo __SEH_epilog __SEH_prolog __getptd"
0046332a,FUN_0046332a,111,0,"IsExceptionObjectToBeDestroyed _FindAndUnlinkFrame ___DestructExceptionObject __abnormal_termination __getptd"
00463399,BuildCatchObject,368,4,"AdjustPointer FID_conflict:_CallMemberFunction1 FID_conflict:_CallMemberFunction1 _ValidateExecute _ValidateRead _ValidateWrite __SEH_epilog __SEH_prolog _inconsistency _memmove"
00463515,___CxxExceptionFilter,293,4,"BuildCatchObject TypeMatch __getptd"
0046363a,CatchIt,103,11,"BuildCatchObject CallCatchBlock _JumpToContinuation _UnwindNestedFrames ___FrameUnwindToState"
004636a1,FindHandlerForForeignException,190,8,"CatchIt _CallSETranslator _GetRangeOfTrysToCheck __getptd"
0046375f,FindHandler,516,8,"CatchIt FindHandlerForForeignException TypeMatch _GetRangeOfTrysToCheck _ValidateRead ___DestructExceptionObject __getptd _inconsistency terminate"
00463963,___InternalCxxFrameHandler,162,8,"FindHandler ___FrameUnwindToState _inconsistency"
00463a10,__CallSettingFrame@12,76,3,"__NLG_Notify1"
00463a5c,FUN_00463a5c,78,1,"_ValidateExecute terminate"
00463aca,_ValidateRead,28,2,"IsBadReadPtr"
00463ae6,_ValidateWrite,28,2,"IsBadWritePtr"
00463b02,_ValidateExecute,24,1,"IsBadCodePtr"
00463b2c,FUN_00463b2c,117,0,""
00463bba,FUN_00463bba,10,1,"__cintrindisp2"
00463bf0,FUN_00463bf0,20,0,"FUN_00463c0d FUN_00464f88"
00463c0d,FUN_00463c0d,187,2,"FUN_00464f15 FUN_00464f2c __math_exit __startOneArgErrorHandling"
00463cc0,__cintrindisp2,62,2,"FUN_00463d8a __trandisp2"
00463cfe,__cintrindisp1,61,2,"FUN_00463d8a __trandisp1"
00463d3b,__ctrandisp2,72,4,"FUN_00463d83 __fload __trandisp2"
00463d83,FUN_00463d83,7,0,""
00463d8a,FUN_00463d8a,327,0,"FUN_0046508c"
00463ed1,__ctrandisp1,51,2,"FUN_00463d83 __fload __trandisp1"
00463f04,__fload,60,2,""
00463f40,__trandisp1,103,2,""
00463fa7,__trandisp2,140,2,""
00464916,FUN_00464916,518,3,""
00464b1c,FUN_00464b1c,178,0,"FUN_00464916"
00464ea0,FUN_00464ea0,23,8,""
00464eb7,__startOneArgErrorHandling,60,6,"FUN_0046508c"
00464f15,FUN_00464f15,23,0,""
00464f2c,FUN_00464f2c,25,0,""
00464f88,FUN_00464f88,22,2,""
00464fab,__math_exit,42,5,"__startOneArgErrorHandling"
0046508c,FUN_0046508c,252,3,"FID_conflict:__set_errno_from_matherr FUN_0045e3a0 __ctrlfp __handle_exc __raise_exc __security_check_cookie"
00465190,Unwind@00465190,8,0,"~exception"
004651a2,Unwind@004651a2,8,0,"FUN_004381f0"
004651b4,Unwind@004651b4,8,0,"~exception"
004651c6,Unwind@004651c6,8,0,"FUN_004381f0"
004651e0,Unwind@004651e0,28,0,"`eh_vector_destructor_iterator'"
004651fc,Unwind@004651fc,14,0,"FUN_00401ff0"
0046520a,Unwind@0046520a,27,0,"`eh_vector_destructor_iterator'"
00465230,Unwind@00465230,11,0,"FUN_00401ff0"
00465250,Unwind@00465250,24,0,"`eh_vector_destructor_iterator'"
00465280,Unwind@00465280,11,0,"FUN_00401ff0"
004652a0,Unwind@004652a0,27,0,"`eh_vector_destructor_iterator'"
004652bb,Unwind@004652bb,27,0,"`eh_vector_destructor_iterator'"
004652e0,Unwind@004652e0,11,0,"FUN_00401ff0"
004652eb,Unwind@004652eb,14,0,"FUN_00401ff0"
00465310,Unwind@00465310,11,0,"_free"
00465330,Unwind@00465330,11,0,"_free"
00465350,Unwind@00465350,8,0,"FUN_00449a90"
00465358,Unwind@00465358,11,0,"FUN_00449a90"
00465380,Unwind@00465380,8,0,"FUN_00435340"
004653a0,Unwind@004653a0,8,0,"FUN_00435340"
004653c0,Unwind@004653c0,11,0,"_free"
004653e0,Unwind@004653e0,11,0,"FUN_0044c130"
00465400,Unwind@00465400,28,0,"`eh_vector_destructor_iterator'"
00465430,Unwind@00465430,25,0,"`eh_vector_destructor_iterator'"
00465449,Unwind@00465449,27,0,"`eh_vector_destructor_iterator'"
00465464,Unwind@00465464,27,0,"`eh_vector_destructor_iterator'"
0046547f,Unwind@0046547f,27,0,"`eh_vector_destructor_iterator'"
0046549a,Unwind@0046549a,27,0,"`eh_vector_destructor_iterator'"
004654c0,Unwind@004654c0,14,0,"FUN_0044c130"
004654e0,Unwind@004654e0,25,0,"`eh_vector_destructor_iterator'"
004654f9,Unwind@004654f9,27,0,"`eh_vector_destructor_iterator'"
00465520,Unwind@00465520,28,0,"`eh_vector_destructor_iterator'"
00465550,Unwind@00465550,27,0,"`eh_vector_destructor_iterator'"
00465580,Unwind@00465580,11,0,"FUN_004381f0"
004655a0,Unwind@004655a0,11,0,"_free"
004655c0,Unwind@004655c0,25,0,"`eh_vector_destructor_iterator'"
004655d9,Unwind@004655d9,27,0,"`eh_vector_destructor_iterator'"
004655f4,Unwind@004655f4,27,0,"`eh_vector_destructor_iterator'"
00465620,Unwind@00465620,14,0,"FUN_0044c130"
00465640,Unwind@00465640,11,0,"_free"
00465660,Unwind@00465660,11,0,"_free"
00465680,Unwind@00465680,11,0,"FUN_0044c130"
0046568b,Unwind@0046568b,11,0,"FUN_00401ff0"
004656a0,Unwind@004656a0,25,0,"`eh_vector_destructor_iterator'"
004656b9,Unwind@004656b9,27,0,"`eh_vector_destructor_iterator'"
004656d4,Unwind@004656d4,27,0,"`eh_vector_destructor_iterator'"
004656ef,Unwind@004656ef,27,0,"`eh_vector_destructor_iterator'"
0046570a,Unwind@0046570a,27,0,"`eh_vector_destructor_iterator'"
00465725,Unwind@00465725,27,0,"`eh_vector_destructor_iterator'"
00465740,Unwind@00465740,14,0,"FUN_00401ff0"
00465760,Unwind@00465760,28,0,"`eh_vector_destructor_iterator'"
0046577c,Unwind@0046577c,14,0,"FUN_00401ff0"
0046578a,Unwind@0046578a,27,0,"`eh_vector_destructor_iterator'"
004657b0,Unwind@004657b0,11,0,"_free"
004657d0,Unwind@004657d0,11,0,"FUN_0044c130"
004657db,Unwind@004657db,14,0,"FUN_00401ff0"
00465800,Unwind@00465800,11,0,"_free"
00465820,Unwind@00465820,11,0,"_free"
00465840,Unwind@00465840,11,0,"_free"
00465860,Unwind@00465860,11,0,"_free"
00465880,Unwind@00465880,11,0,"_free"
004658a0,Unwind@004658a0,11,0,"_free"
