end,size,lines,refs_count,media_paths,music_refs,transcript
end00.end,4158,235,97,bdata/end/end00a.jpg;bdata/end/end00b.jpg;bdata/end/end00c.jpg;bdata/end/end00d.jpg,,E:\GitWorkspace\thworks\release\tsa\th09\end_txt\end00.txt
end01.end,2845,161,70,bdata/end/end01a.jpg;bdata/end/end01b.jpg;bdata/end/end01c.jpg,,E:\GitWorkspace\thworks\release\tsa\th09\end_txt\end01.txt
end02.end,3119,185,82,bdata/end/end02a.jpg;bdata/end/end02b.jpg;bdata/end/end02c.jpg,,E:\GitWorkspace\thworks\release\tsa\th09\end_txt\end02.txt
end03.end,3253,180,69,bdata/end/end03a.jpg;bdata/end/end03b.jpg;bdata/end/end03c.jpg,,E:\GitWorkspace\thworks\release\tsa\th09\end_txt\end03.txt
end04.end,3885,230,103,bdata/end/end04a.jpg;bdata/end/end04b.jpg;bdata/end/end04c.jpg,,E:\GitWorkspace\thworks\release\tsa\th09\end_txt\end04.txt
end05.end,2767,158,70,bdata/end/end05a.jpg;bdata/end/end05b.jpg;bdata/end/end05c.jpg,,E:\GitWorkspace\thworks\release\tsa\th09\end_txt\end05.txt
end06.end,2929,161,72,bdata/end/end06a.jpg;bdata/end/end06b.jpg;bdata/end/end06c.jpg,,E:\GitWorkspace\thworks\release\tsa\th09\end_txt\end06.txt
end07.end,2975,186,86,bdata/end/end07a.jpg;bdata/end/end07b.jpg;bdata/end/end07c.jpg,,E:\GitWorkspace\thworks\release\tsa\th09\end_txt\end07.txt
end08.end,3299,197,86,bdata/end/end08a.jpg;bdata/end/end08b.jpg;bdata/end/end08c.jpg,,E:\GitWorkspace\thworks\release\tsa\th09\end_txt\end08.txt
end09.end,2732,156,60,bdata/end/end09a.jpg;bdata/end/end09b.jpg;bdata/end/end09c.jpg,,E:\GitWorkspace\thworks\release\tsa\th09\end_txt\end09.txt
end10.end,3022,171,71,bdata/end/end10a.jpg;bdata/end/end10b.jpg;bdata/end/end10c.jpg,,E:\GitWorkspace\thworks\release\tsa\th09\end_txt\end10.txt
end11.end,2600,147,61,bdata/end/end11a.jpg;bdata/end/end11b.jpg;bdata/end/end11c.jpg,,E:\GitWorkspace\thworks\release\tsa\th09\end_txt\end11.txt
end12.end,3736,200,73,bdata/end/end12a.jpg;bdata/end/end12b.jpg;bdata/end/end12c.jpg,,E:\GitWorkspace\thworks\release\tsa\th09\end_txt\end12.txt
end13.end,3400,195,87,bdata/end/end13a.jpg;bdata/end/end13b.jpg;bdata/end/end13c.jpg,,E:\GitWorkspace\thworks\release\tsa\th09\end_txt\end13.txt
endstaff.end,449,101,46,bdata/end/staff00.jpg,,E:\GitWorkspace\thworks\release\tsa\th09\end_txt\endstaff.txt
