end,music,images
end00a.end,th08_16.mid,end00.jpg
end00b.end,th08_16.mid,end00b.jpg;end00b0.jpg;end00b1.jpg
end00c.end,th08_16.mid,end00b.jpg;end00c0.jpg;end00c1.jpg;end00c2.jpg
end01a.end,th08_16.mid,end01.jpg
end01b.end,th08_16.mid,end00b.jpg;end01b0.jpg;end01b1.jpg
end01c.end,th08_16.mid,end01c.jpg;end01c0.jpg;end01c1.jpg;end01c2.jpg
end02a.end,th08_16.mid,end02.jpg
end02b.end,th08_16.mid,end02b.jpg;end02b0.jpg;end02b1.jpg
end02c.end,th08_16.mid,end02b.jpg;end02c0.jpg;end02c1.jpg;end02c2.jpg
end03a.end,th08_16.mid,end03.jpg
end03b.end,th08_16.mid,end03b.jpg;end03b0.jpg;end03b1.jpg
end03c.end,th08_16.mid,end03b.jpg;end03c0.jpg;end03c1.jpg;end03c2.jpg
staff00.end,th08_17.mid,staff00.jpg
staff00b.end,th08_17.mid,staff00b.jpg
